"transcript","logFC","logCPM","LR","PValue","FDR","contrast","expression"
"1","TRINITY_DN58348_c94_g1_i1",11.42064558,8.774037292,226.2395666,3.94e-51,6.6e-47,"T1_vs_CTL","up"
"2","TRINITY_DN41876_c1_g1_i1",13.92716655,4.360619187,205.7162036,1.18e-46,9.89e-43,"T1_vs_CTL","up"
"5","TRINITY_DN65222_c12_g2_i4",8.489764429,4.367936954,152.688215,4.48e-35,1.5e-31,"T1_vs_CTL","up"
"6","TRINITY_DN54408_c0_g1_i2",7.765241893,8.034710259,148.5546124,3.59e-34,1e-30,"T1_vs_CTL","up"
"7","TRINITY_DN43718_c0_g1_i1",7.732693003,4.834846558,141.6420238,1.16e-32,2.79e-29,"T1_vs_CTL","up"
"8","TRINITY_DN51077_c0_g1_i2",7.497678413,8.851058304,139.2879033,3.81e-32,7.97e-29,"T1_vs_CTL","up"
"9","TRINITY_DN65055_c18_g1_i4",7.1026755,5.97842369,136.5721031,1.5e-31,2.78e-28,"T1_vs_CTL","up"
"10","TRINITY_DN65222_c12_g3_i1",7.526780403,3.91221677,130.9205355,2.58e-30,4.31e-27,"T1_vs_CTL","up"
"13","TRINITY_DN42783_c0_g1_i1",6.853706818,9.427902079,122.2415271,2.04e-28,2.63e-25,"T1_vs_CTL","up"
"14","TRINITY_DN57337_c1_g1_i1",6.669112202,9.180429915,118.1976012,1.57e-27,1.88e-24,"T1_vs_CTL","up"
"16","TRINITY_DN65055_c18_g1_i5",6.292319382,5.262479052,114.7483471,8.93e-27,9.35e-24,"T1_vs_CTL","up"
"17","TRINITY_DN16700_c0_g1_i1",7.23410645,3.775400869,111.7423254,4.07e-26,4.01e-23,"T1_vs_CTL","up"
"19","TRINITY_DN40817_c0_g1_i1",6.590089613,3.353149851,108.9309889,1.68e-25,1.44e-22,"T1_vs_CTL","up"
"20","TRINITY_DN48091_c0_g1_i2",7.97875516,3.506458627,108.8801291,1.72e-25,1.44e-22,"T1_vs_CTL","up"
"22","TRINITY_DN58120_c0_g1_i1",5.906790376,7.280732497,104.7920592,1.36e-24,1.03e-21,"T1_vs_CTL","up"
"24","TRINITY_DN50355_c0_g1_i1",6.129200552,3.904478781,99.44115457,2.02e-23,1.41e-20,"T1_vs_CTL","up"
"25","TRINITY_DN62917_c90_g1_i1",5.63731806,6.679620262,98.53207662,3.2e-23,2.14e-20,"T1_vs_CTL","up"
"26","TRINITY_DN6841_c0_g1_i1",5.90708682,10.72659301,96.65080057,8.27e-23,5.33e-20,"T1_vs_CTL","up"
"27","TRINITY_DN3621_c0_g1_i1",6.288577312,2.877339864,95.41106398,1.55e-22,9.59e-20,"T1_vs_CTL","up"
"28","TRINITY_DN62534_c21_g2_i6",5.938152938,12.55152811,94.61095378,2.32e-22,1.39e-19,"T1_vs_CTL","up"
"29","TRINITY_DN131393_c0_g1_i1",7.036979726,2.554018998,92.94294432,5.38e-22,3.11e-19,"T1_vs_CTL","up"
"30","TRINITY_DN58079_c33_g2_i6",5.38991334,6.450500661,92.35172069,7.26e-22,4.05e-19,"T1_vs_CTL","up"
"33","TRINITY_DN60496_c7_g1_i1",5.165163277,5.535974017,86.57495281,1.35e-20,6.83e-18,"T1_vs_CTL","up"
"34","TRINITY_DN37946_c0_g1_i1",6.140794865,2.561011459,86.3829378,1.48e-20,7.3e-18,"T1_vs_CTL","up"
"36","TRINITY_DN65055_c18_g1_i21",6.815316487,2.022241959,84.69941255,3.47e-20,1.62e-17,"T1_vs_CTL","up"
"37","TRINITY_DN1025_c0_g1_i1",5.172337353,8.820058692,82.58408419,1.01e-19,4.58e-17,"T1_vs_CTL","up"
"43","TRINITY_DN57826_c0_g1_i2",9.796946418,0.977435706,76.0704735,2.74e-18,1.07e-15,"T1_vs_CTL","up"
"45","TRINITY_DN65055_c17_g2_i1",6.399455722,1.948609365,75.85523945,3.05e-18,1.14e-15,"T1_vs_CTL","up"
"50","TRINITY_DN60782_c0_g1_i3",8.30439154,1.258461902,74.87886083,5.01e-18,1.68e-15,"T1_vs_CTL","up"
"51","TRINITY_DN3193_c0_g1_i1",6.506764775,2.872447172,73.82039455,8.56e-18,2.81e-15,"T1_vs_CTL","up"
"58","TRINITY_DN65245_c5_g1_i1",8.151946611,1.034397489,70.16893878,5.44e-17,1.57e-14,"T1_vs_CTL","up"
"68","TRINITY_DN48738_c0_g1_i1",9.015142898,1.725860518,67.72460656,1.88e-16,4.63e-14,"T1_vs_CTL","up"
"69","TRINITY_DN56975_c0_g1_i1",5.590760733,1.91441213,67.39180333,2.23e-16,5.4e-14,"T1_vs_CTL","up"
"89","TRINITY_DN34591_c0_g1_i1",5.146602761,2.452637502,60.26360944,8.3e-15,1.56e-12,"T1_vs_CTL","up"
"90","TRINITY_DN57738_c3_g1_i2",8.813992178,1.010645018,60.03713963,9.31e-15,1.73e-12,"T1_vs_CTL","up"
"99","TRINITY_DN25557_c0_g1_i1",6.020216129,1.166721816,58.05885718,2.54e-14,4.3e-12,"T1_vs_CTL","up"
"102","TRINITY_DN61138_c0_g1_i1",5.316623672,1.785343977,57.84588542,2.83e-14,4.65e-12,"T1_vs_CTL","up"
"104","TRINITY_DN62921_c3_g2_i1",6.297985459,1.28467506,57.63509748,3.16e-14,5.08e-12,"T1_vs_CTL","up"
"118","TRINITY_DN59053_c0_g1_i1",5.995431458,1.741853053,54.51746089,1.54e-13,2.19e-11,"T1_vs_CTL","up"
"119","TRINITY_DN47240_c1_g1_i2",5.617878764,2.299839522,54.3092827,1.71e-13,2.41e-11,"T1_vs_CTL","up"
"130","TRINITY_DN45841_c0_g1_i1",5.911576295,1.108496298,52.69070385,3.9e-13,5.03e-11,"T1_vs_CTL","up"
"136","TRINITY_DN53586_c0_g1_i1",8.60290195,0.261696448,51.77907397,6.21e-13,7.65e-11,"T1_vs_CTL","up"
"138","TRINITY_DN82084_c0_g1_i1",8.683428604,-0.053661223,51.14378923,8.58e-13,1.04e-10,"T1_vs_CTL","up"
"139","TRINITY_DN123182_c0_g1_i1",6.405029609,1.192443673,50.79875813,1.02e-12,1.23e-10,"T1_vs_CTL","up"
"148","TRINITY_DN48911_c0_g1_i1",8.456785753,0.196341518,49.45238145,2.03e-12,2.3e-10,"T1_vs_CTL","up"
"151","TRINITY_DN80807_c0_g1_i1",7.139101176,0.354290134,48.75798717,2.9e-12,3.21e-10,"T1_vs_CTL","up"
"155","TRINITY_DN41237_c0_g1_i1",8.416277273,0.10645664,48.4351472,3.41e-12,3.69e-10,"T1_vs_CTL","up"
"168","TRINITY_DN46219_c0_g1_i1",5.703227906,0.621621009,47.38500801,5.83e-12,5.81e-10,"T1_vs_CTL","up"
"171","TRINITY_DN4500_c0_g1_i1",8.357521997,0.027457859,47.26501498,6.2e-12,6.07e-10,"T1_vs_CTL","up"
"172","TRINITY_DN59053_c6_g1_i1",8.429170239,-0.163937382,47.17246066,6.5e-12,6.33e-10,"T1_vs_CTL","up"
"176","TRINITY_DN64593_c1_g1_i1",5.548440854,1.681628134,47.02428465,7.01e-12,6.67e-10,"T1_vs_CTL","up"
"186","TRINITY_DN29806_c0_g1_i1",5.858887225,0.525236553,45.2763978,1.71e-11,1.54e-09,"T1_vs_CTL","up"
"192","TRINITY_DN38830_c0_g1_i1",6.220858596,0.800644715,44.74301295,2.25e-11,1.96e-09,"T1_vs_CTL","up"
"208","TRINITY_DN53447_c0_g1_i1",8.247561978,-0.400557156,43.43501975,4.38e-11,3.53e-09,"T1_vs_CTL","up"
"210","TRINITY_DN23519_c2_g1_i1",8.106008857,-0.139569606,43.2094327,4.92e-11,3.92e-09,"T1_vs_CTL","up"
"225","TRINITY_DN1273_c0_g1_i1",7.905075731,-0.020507437,41.28047728,1.32e-10,9.81e-09,"T1_vs_CTL","up"
"228","TRINITY_DN57734_c0_g1_i1",7.813552016,0.15271173,40.93314452,1.58e-10,1.16e-08,"T1_vs_CTL","up"
"229","TRINITY_DN123020_c0_g1_i1",6.762822257,-0.187233735,40.81739564,1.67e-10,1.22e-08,"T1_vs_CTL","up"
"232","TRINITY_DN56909_c0_g1_i3",7.900535898,-0.214125975,40.28446972,2.2e-10,1.58e-08,"T1_vs_CTL","up"
"242","TRINITY_DN27848_c0_g1_i1",7.913881866,-0.474699473,39.06476107,4.1e-10,2.84e-08,"T1_vs_CTL","up"
"244","TRINITY_DN21304_c0_g1_i1",6.207454171,-0.278893807,38.99003253,4.26e-10,2.92e-08,"T1_vs_CTL","up"
"257","TRINITY_DN58444_c0_g1_i2",7.554649402,0.307771549,38.06719331,6.83e-10,4.45e-08,"T1_vs_CTL","up"
"263","TRINITY_DN41704_c0_g2_i1",7.548228048,0.111139555,37.45344515,9.36e-10,5.96e-08,"T1_vs_CTL","up"
"268","TRINITY_DN98103_c0_g1_i1",7.775867656,-0.624088506,36.62984715,1.43e-09,8.92e-08,"T1_vs_CTL","up"
"269","TRINITY_DN59399_c0_g2_i1",7.575568554,-0.171580924,36.57893296,1.47e-09,9.12e-08,"T1_vs_CTL","up"
"289","TRINITY_DN47345_c0_g1_i2",7.76448235,-0.787887257,35.4670068,2.59e-09,1.5e-07,"T1_vs_CTL","up"
"292","TRINITY_DN138087_c0_g1_i1",7.748826756,-0.832940612,35.19892157,2.98e-09,1.71e-07,"T1_vs_CTL","up"
"298","TRINITY_DN49504_c0_g1_i1",5.386275124,-0.264163048,34.43142885,4.42e-09,2.48e-07,"T1_vs_CTL","up"
"299","TRINITY_DN45275_c0_g1_i1",5.398108606,0.117153016,34.42294667,4.43e-09,2.48e-07,"T1_vs_CTL","up"
"304","TRINITY_DN50315_c2_g1_i1",7.658936262,-0.830411519,34.26367574,4.81e-09,2.65e-07,"T1_vs_CTL","up"
"334","TRINITY_DN39331_c0_g1_i1",5.779880011,0.916049652,32.91398253,9.63e-09,4.83e-07,"T1_vs_CTL","up"
"348","TRINITY_DN46561_c0_g1_i1",5.421627648,-0.340469121,32.31403922,1.31e-08,6.31e-07,"T1_vs_CTL","up"
"359","TRINITY_DN43171_c0_g1_i1",5.108272456,0.400656551,31.71986042,1.78e-08,8.31e-07,"T1_vs_CTL","up"
"368","TRINITY_DN65087_c6_g1_i1",7.297042789,-0.683363068,31.27139142,2.24e-08,1.02e-06,"T1_vs_CTL","up"
"373","TRINITY_DN57948_c0_g1_i2",7.389881933,-0.933474001,31.176985,2.36e-08,1.06e-06,"T1_vs_CTL","up"
"381","TRINITY_DN57887_c0_g1_i1",7.109482182,-0.362712659,30.70314863,3.01e-08,1.32e-06,"T1_vs_CTL","up"
"389","TRINITY_DN60323_c2_g2_i1",5.360043808,0.067843913,30.31905637,3.67e-08,1.58e-06,"T1_vs_CTL","up"
"396","TRINITY_DN64327_c3_g2_i1",7.290552706,-1.02272198,30.0779611,4.15e-08,1.75e-06,"T1_vs_CTL","up"
"404","TRINITY_DN79353_c0_g1_i1",7.277344594,-1.079141294,29.72910514,4.97e-08,2.06e-06,"T1_vs_CTL","up"
"409","TRINITY_DN5717_c0_g1_i1",7.105856535,-0.648898426,29.53038705,5.5e-08,2.25e-06,"T1_vs_CTL","up"
"410","TRINITY_DN54364_c0_g1_i1",7.07306633,-0.549845976,29.52285643,5.53e-08,2.26e-06,"T1_vs_CTL","up"
"416","TRINITY_DN48028_c0_g1_i1",6.885361686,-0.037035531,29.3204031,6.13e-08,2.47e-06,"T1_vs_CTL","up"
"419","TRINITY_DN55479_c0_g1_i4",5.328498882,-0.700551871,29.11857858,6.81e-08,2.72e-06,"T1_vs_CTL","up"
"423","TRINITY_DN36494_c0_g1_i1",6.783866137,0.324198633,28.93498806,7.48e-08,2.96e-06,"T1_vs_CTL","up"
"428","TRINITY_DN35881_c0_g1_i1",7.181476114,-1.120356789,28.75316171,8.22e-08,3.22e-06,"T1_vs_CTL","up"
"436","TRINITY_DN26902_c0_g1_i1",7.188503595,-1.178650377,28.60517897,8.87e-08,3.4e-06,"T1_vs_CTL","up"
"441","TRINITY_DN50604_c0_g1_i3",6.964963344,-0.577084394,28.38739974,9.93e-08,3.77e-06,"T1_vs_CTL","up"
"443","TRINITY_DN63509_c1_g1_i7",5.295498584,-0.272087506,28.32235425,1.03e-07,3.88e-06,"T1_vs_CTL","up"
"450","TRINITY_DN33909_c0_g1_i1",6.919287926,-0.501596166,28.11409224,1.14e-07,4.26e-06,"T1_vs_CTL","up"
"471","TRINITY_DN63283_c0_g1_i12",6.728670885,-0.148175104,27.32893519,1.72e-07,6.09e-06,"T1_vs_CTL","up"
"480","TRINITY_DN14953_c0_g1_i1",6.962019626,-0.938941738,27.10163316,1.93e-07,6.73e-06,"T1_vs_CTL","up"
"491","TRINITY_DN80364_c0_g1_i1",6.551601273,0.476063009,26.87467517,2.17e-07,7.4e-06,"T1_vs_CTL","up"
"514","TRINITY_DN38687_c0_g1_i1",6.966835339,-1.299046726,26.24354421,3.01e-07,9.8e-06,"T1_vs_CTL","up"
"516","TRINITY_DN29679_c0_g1_i1",6.715795115,-0.474036288,26.23287582,3.03e-07,9.82e-06,"T1_vs_CTL","up"
"519","TRINITY_DN95363_c0_g1_i2",6.431058333,0.81722821,26.18814074,3.1e-07,9.99e-06,"T1_vs_CTL","up"
"533","TRINITY_DN59001_c0_g2_i1",6.712674218,-0.60987397,25.76885327,3.85e-07,1.21e-05,"T1_vs_CTL","up"
"535","TRINITY_DN6687_c0_g1_i1",6.468249268,0.444119191,25.74261579,3.9e-07,1.22e-05,"T1_vs_CTL","up"
"542","TRINITY_DN47759_c1_g1_i2",6.788210888,-0.925853233,25.50216264,4.42e-07,1.36e-05,"T1_vs_CTL","up"
"549","TRINITY_DN36307_c0_g1_i1",5.7209411,-0.999223775,25.38037761,4.71e-07,1.43e-05,"T1_vs_CTL","up"
"552","TRINITY_DN57353_c1_g1_i1",6.570474181,-0.30369034,25.35094972,4.78e-07,1.45e-05,"T1_vs_CTL","up"
"560","TRINITY_DN47122_c1_g1_i1",6.762914405,-0.977711653,25.18593325,5.21e-07,1.56e-05,"T1_vs_CTL","up"
"569","TRINITY_DN7996_c0_g1_i1",6.42876699,0.228869508,24.93757781,5.92e-07,1.74e-05,"T1_vs_CTL","up"
"578","TRINITY_DN51776_c0_g1_i3",6.481342132,-0.142484207,24.69836403,6.7e-07,1.94e-05,"T1_vs_CTL","up"
"581","TRINITY_DN60496_c0_g1_i1",5.548653763,-0.671220671,24.67487922,6.79e-07,1.96e-05,"T1_vs_CTL","up"
"588","TRINITY_DN99606_c0_g1_i1",6.39749055,0.252569785,24.60268002,7.05e-07,2.01e-05,"T1_vs_CTL","up"
"592","TRINITY_DN65998_c0_g1_i1",6.785286672,-1.384981338,24.54049404,7.28e-07,2.06e-05,"T1_vs_CTL","up"
"595","TRINITY_DN34151_c0_g1_i1",5.220784666,-1.070739554,24.52247282,7.34e-07,2.07e-05,"T1_vs_CTL","up"
"599","TRINITY_DN31560_c0_g1_i1",6.783136714,-1.540059841,24.41704623,7.76e-07,2.17e-05,"T1_vs_CTL","up"
"604","TRINITY_DN46061_c0_g1_i1",6.725665737,-1.2462263,24.34345933,8.06e-07,2.23e-05,"T1_vs_CTL","up"
"618","TRINITY_DN89719_c0_g1_i1",6.542237563,-0.568242434,24.15122249,8.91e-07,2.41e-05,"T1_vs_CTL","up"
"627","TRINITY_DN49098_c0_g1_i3",5.428739481,-1.209476944,24.04829872,9.39e-07,2.51e-05,"T1_vs_CTL","up"
"630","TRINITY_DN54928_c0_g1_i2",6.429026275,-0.300699939,23.98935627,9.69e-07,2.57e-05,"T1_vs_CTL","up"
"636","TRINITY_DN39405_c0_g1_i1",6.387437096,-0.155117264,23.87550882,1.03e-06,2.71e-05,"T1_vs_CTL","up"
"640","TRINITY_DN21187_c0_g1_i1",5.561166062,-0.891742898,23.76970636,1.09e-06,2.84e-05,"T1_vs_CTL","up"
"644","TRINITY_DN19912_c0_g1_i1",6.66882019,-1.28240577,23.73394641,1.11e-06,2.87e-05,"T1_vs_CTL","up"
"658","TRINITY_DN37830_c0_g1_i1",5.235971362,0.025701282,23.60198227,1.18e-06,3.01e-05,"T1_vs_CTL","up"
"670","TRINITY_DN7345_c0_g1_i1",6.603525935,-1.201467823,23.44213206,1.29e-06,3.22e-05,"T1_vs_CTL","up"
"672","TRINITY_DN38635_c0_g1_i1",6.629929511,-1.321524639,23.40937251,1.31e-06,3.26e-05,"T1_vs_CTL","up"
"673","TRINITY_DN33308_c0_g1_i2",6.59429241,-1.127595729,23.40395654,1.31e-06,3.27e-05,"T1_vs_CTL","up"
"677","TRINITY_DN11721_c0_g1_i1",5.073329529,-0.775031713,23.21464838,1.45e-06,3.58e-05,"T1_vs_CTL","up"
"681","TRINITY_DN56394_c0_g1_i1",5.557866882,-1.285154897,23.14910706,1.5e-06,3.69e-05,"T1_vs_CTL","up"
"682","TRINITY_DN17581_c0_g1_i1",6.616099845,-1.523343288,23.11744432,1.52e-06,3.74e-05,"T1_vs_CTL","up"
"688","TRINITY_DN49398_c0_g1_i1",6.555098673,-1.193400679,23.0375884,1.59e-06,3.87e-05,"T1_vs_CTL","up"
"698","TRINITY_DN800_c0_g1_i1",6.597537738,-1.460497798,22.88154582,1.72e-06,4.13e-05,"T1_vs_CTL","up"
"707","TRINITY_DN43391_c0_g1_i1",6.367221205,-0.552746465,22.70416874,1.89e-06,4.47e-05,"T1_vs_CTL","up"
"717","TRINITY_DN37687_c0_g1_i1",6.545083957,-1.426830484,22.51861106,2.08e-06,4.86e-05,"T1_vs_CTL","up"
"737","TRINITY_DN111848_c0_g1_i1",6.407214323,-0.99368453,22.09748383,2.59e-06,5.89e-05,"T1_vs_CTL","up"
"750","TRINITY_DN45329_c0_g1_i1",6.491832389,-1.716748346,21.88649791,2.89e-06,6.45e-05,"T1_vs_CTL","up"
"756","TRINITY_DN27578_c0_g2_i1",6.288288552,-0.601716159,21.79568342,3.03e-06,6.72e-05,"T1_vs_CTL","up"
"759","TRINITY_DN96485_c0_g1_i1",6.435026265,-1.231629784,21.77293094,3.07e-06,6.77e-05,"T1_vs_CTL","up"
"765","TRINITY_DN47759_c1_g1_i1",6.357506664,-0.956024546,21.6407321,3.29e-06,7.2e-05,"T1_vs_CTL","up"
"766","TRINITY_DN43999_c1_g1_i1",5.37528402,-1.281215201,21.63489477,3.3e-06,7.2e-05,"T1_vs_CTL","up"
"773","TRINITY_DN56693_c0_g1_i1",6.249976254,-0.619783535,21.54694173,3.45e-06,7.48e-05,"T1_vs_CTL","up"
"793","TRINITY_DN21917_c0_g1_i1",6.380496838,-1.512085218,21.13746017,4.27e-06,9.03e-05,"T1_vs_CTL","up"
"810","TRINITY_DN40911_c0_g1_i1",6.351721588,-1.473980399,20.96324853,4.68e-06,9.68e-05,"T1_vs_CTL","up"
"814","TRINITY_DN43316_c0_g1_i1",6.349848498,-1.378447439,20.88655366,4.87e-06,0.000100226,"T1_vs_CTL","up"
"825","TRINITY_DN56513_c0_g1_i1",6.134110187,-0.508253478,20.75542895,5.22e-06,0.000105898,"T1_vs_CTL","up"
"827","TRINITY_DN42061_c0_g1_i1",5.052658075,-0.443510509,20.73247465,5.28e-06,0.000106915,"T1_vs_CTL","up"
"837","TRINITY_DN139116_c0_g1_i1",6.306199877,-1.328040992,20.61417598,5.62e-06,0.000112371,"T1_vs_CTL","up"
"857","TRINITY_DN6558_c0_g1_i1",5.240098323,-1.410933887,20.23210679,6.86e-06,0.000133811,"T1_vs_CTL","up"
"890","TRINITY_DN47605_c0_g2_i1",6.212738795,-1.519322143,19.83137421,8.46e-06,0.000159111,"T1_vs_CTL","up"
"894","TRINITY_DN38496_c0_g1_i1",6.180819469,-1.337140703,19.74027753,8.87e-06,0.000166131,"T1_vs_CTL","up"
"918","TRINITY_DN45056_c0_g1_i1",6.163314449,-1.476182502,19.4504916,1.03e-05,0.000188286,"T1_vs_CTL","up"
"935","TRINITY_DN50920_c0_g1_i1",6.110514698,-1.245433132,19.22709121,1.16e-05,0.000207806,"T1_vs_CTL","up"
"936","TRINITY_DN61288_c1_g2_i1",5.913476807,-0.279552368,19.22254671,1.16e-05,0.000208003,"T1_vs_CTL","up"
"955","TRINITY_DN36645_c0_g1_i1",6.099944183,-1.249579139,19.05600177,1.27e-05,0.000222533,"T1_vs_CTL","up"
"962","TRINITY_DN42921_c0_g1_i2",6.095080685,-1.438472935,18.93779657,1.35e-05,0.000235033,"T1_vs_CTL","up"
"963","TRINITY_DN80105_c0_g1_i1",6.074669698,-1.222332576,18.92645232,1.36e-05,0.000236189,"T1_vs_CTL","up"
"979","TRINITY_DN58975_c0_g1_i1",5.934729262,-0.518178599,18.77550771,1.47e-05,0.000251461,"T1_vs_CTL","up"
"983","TRINITY_DN3471_c0_g1_i1",6.060007281,-1.442034394,18.70518018,1.53e-05,0.000259743,"T1_vs_CTL","up"
"998","TRINITY_DN50477_c1_g2_i1",6.026351381,-1.302275005,18.5916918,1.62e-05,0.000271638,"T1_vs_CTL","up"
"1037","TRINITY_DN53957_c0_g1_i1",5.95619518,-1.041370939,18.19701952,1.99e-05,0.000321586,"T1_vs_CTL","up"
"1039","TRINITY_DN97763_c0_g1_i1",5.861830249,-0.596562558,18.19173806,2e-05,0.000321858,"T1_vs_CTL","up"
"1073","TRINITY_DN42580_c0_g1_i2",5.927576704,-1.231291456,17.85222471,2.39e-05,0.000372195,"T1_vs_CTL","up"
"1074","TRINITY_DN123952_c0_g1_i1",5.891497906,-1.037233401,17.85203835,2.39e-05,0.000372195,"T1_vs_CTL","up"
"1110","TRINITY_DN63703_c3_g1_i1",5.719694966,-0.470274847,17.4653553,2.93e-05,0.000441312,"T1_vs_CTL","up"
"1173","TRINITY_DN64179_c1_g1_i1",5.776915815,-1.184774509,16.73375641,4.3e-05,0.000613858,"T1_vs_CTL","up"
"1248","TRINITY_DN50666_c0_g1_i3",5.676300677,-1.412924885,15.93784174,6.55e-05,0.000877524,"T1_vs_CTL","up"
"1258","TRINITY_DN42048_c0_g1_i1",5.675818374,-1.571915981,15.85898807,6.82e-05,0.000907531,"T1_vs_CTL","up"
"1265","TRINITY_DN113352_c0_g1_i1",5.582730978,-0.768703911,15.84029185,6.89e-05,0.000912131,"T1_vs_CTL","up"
"1273","TRINITY_DN33566_c0_g1_i1",5.661557637,-1.323124675,15.77068146,7.15e-05,0.000940366,"T1_vs_CTL","up"
"1331","TRINITY_DN64908_c0_g1_i5",5.49848136,-0.65184895,15.3630155,8.87e-05,0.001115811,"T1_vs_CTL","up"
"1337","TRINITY_DN45125_c0_g1_i1",5.490524837,-0.507175068,15.32832817,9.04e-05,0.001130746,"T1_vs_CTL","up"
"1346","TRINITY_DN3238_c1_g1_i1",5.560598269,-1.11874147,15.23763194,9.48e-05,0.001178298,"T1_vs_CTL","up"
"1401","TRINITY_DN108055_c0_g1_i1",5.494595472,-1.023011073,14.78223464,0.000120667,0.001441974,"T1_vs_CTL","up"
"1407","TRINITY_DN98287_c0_g1_i1",5.453870322,-0.971744685,14.75847158,0.000122197,0.001453501,"T1_vs_CTL","up"
"1413","TRINITY_DN51841_c0_g1_i1",5.24936039,0.724414393,14.72682586,0.000124266,0.001472367,"T1_vs_CTL","up"
"1468","TRINITY_DN28444_c0_g1_i1",5.476904168,-1.469610888,14.3716426,0.000150045,0.001711208,"T1_vs_CTL","up"
"1496","TRINITY_DN57966_c0_g1_i1",5.363287813,-0.834281695,14.19718325,0.000164617,0.001842255,"T1_vs_CTL","up"
"1554","TRINITY_DN56776_c0_g1_i1",5.316916176,-0.967505071,13.84942477,0.000198057,0.00213299,"T1_vs_CTL","up"
"1557","TRINITY_DN55879_c0_g1_i1",5.316799969,-0.980514714,13.83922599,0.000199135,0.002141247,"T1_vs_CTL","up"
"1559","TRINITY_DN29709_c0_g1_i1",5.357778841,-1.046614939,13.82811982,0.000200316,0.002151177,"T1_vs_CTL","up"
"1566","TRINITY_DN53022_c0_g1_i1",5.315262226,-1.062574284,13.77026294,0.00020658,0.002208537,"T1_vs_CTL","up"
"1592","TRINITY_DN70231_c0_g1_i1",5.309917276,-0.972295656,13.62583526,0.000223094,0.002346133,"T1_vs_CTL","up"
"1609","TRINITY_DN138588_c0_g1_i1",5.286061178,-0.961384406,13.5075173,0.00023761,0.002472381,"T1_vs_CTL","up"
"1649","TRINITY_DN26622_c0_g1_i1",5.282377161,-1.174856733,13.3383873,0.000260028,0.002640016,"T1_vs_CTL","up"
"1683","TRINITY_DN18751_c0_g1_i1",5.259417489,-1.278721394,13.14564228,0.000288189,0.002866818,"T1_vs_CTL","up"
"1700","TRINITY_DN56425_c0_g1_i2",5.189926625,-0.908031019,13.04677139,0.000303808,0.002991435,"T1_vs_CTL","up"
"1709","TRINITY_DN45974_c0_g1_i1",5.227179245,-0.960156428,12.99832887,0.000311769,0.003054206,"T1_vs_CTL","up"
"1790","TRINITY_DN38030_c0_g2_i1",5.126438681,-0.962708724,12.49000551,0.000409135,0.003826669,"T1_vs_CTL","up"
"1797","TRINITY_DN21472_c0_g1_i1",5.151563232,-1.198066384,12.46762233,0.000414067,0.003856957,"T1_vs_CTL","up"
"1824","TRINITY_DN48658_c0_g1_i1",5.124205792,-1.151182264,12.36400381,0.000437691,0.004017447,"T1_vs_CTL","up"
"1980","TRINITY_DN124614_c0_g1_i1",5.027605188,-1.199739019,11.65449862,0.000640475,0.005415001,"T1_vs_CTL","up"
"2028","TRINITY_DN79631_c0_g1_i1",5.001368078,-1.384426929,11.44645947,0.000716304,0.005913389,"T1_vs_CTL","up"
"16744","TRINITY_DN54152_c0_g1_i1",7.907355776,5.60453638,146.7497004,8.9e-34,7.45e-30,"T2_vs_CTL","up"
"16746","TRINITY_DN65437_c0_g1_i1",6.869410593,8.378002358,125.9243694,3.19e-29,1.34e-25,"T2_vs_CTL","up"
"16747","TRINITY_DN942_c0_g1_i1",6.584172585,6.987496199,122.9322919,1.44e-28,4.83e-25,"T2_vs_CTL","up"
"16749","TRINITY_DN48091_c0_g1_i2",8.413236748,3.506458627,119.8448687,6.84e-28,1.64e-24,"T2_vs_CTL","up"
"16752","TRINITY_DN58005_c0_g1_i1",6.634807576,3.679139416,111.7934292,3.97e-26,6.64e-23,"T2_vs_CTL","up"
"16753","TRINITY_DN5468_c0_g1_i1",6.157425124,10.89809399,102.1838231,5.06e-24,7.7e-21,"T2_vs_CTL","up"
"16756","TRINITY_DN1025_c0_g1_i1",5.760724479,8.820058692,96.92454876,7.2e-23,8.61e-20,"T2_vs_CTL","up"
"16758","TRINITY_DN52164_c36_g1_i1",5.791898632,13.85982472,89.61400708,2.89e-21,3.03e-18,"T2_vs_CTL","up"
"16761","TRINITY_DN108044_c10_g1_i1",5.544825165,11.54485302,86.84128957,1.18e-20,1.04e-17,"T2_vs_CTL","up"
"16766","TRINITY_DN54195_c2_g1_i1",5.209341356,4.521785929,82.33991961,1.15e-19,7.99e-17,"T2_vs_CTL","up"
"16770","TRINITY_DN26201_c0_g1_i1",5.192637598,11.47011132,78.86222586,6.66e-19,3.98e-16,"T2_vs_CTL","up"
"16773","TRINITY_DN47834_c1_g1_i1",5.000332228,11.43858161,74.52348348,5.99e-18,3.24e-15,"T2_vs_CTL","up"
"16774","TRINITY_DN64593_c1_g1_i1",7.027727094,1.681628134,73.95128917,8.01e-18,4.19e-15,"T2_vs_CTL","up"
"16775","TRINITY_DN47240_c1_g1_i2",6.598545039,2.299839522,73.74917245,8.87e-18,4.5e-15,"T2_vs_CTL","up"
"16776","TRINITY_DN52290_c0_g1_i1",5.02005696,4.144621912,73.61632109,9.49e-18,4.67e-15,"T2_vs_CTL","up"
"16778","TRINITY_DN53689_c0_g1_i1",5.280559952,2.794148927,69.36494665,8.18e-17,3.81e-14,"T2_vs_CTL","up"
"16782","TRINITY_DN16700_c0_g1_i1",5.442900992,3.775400869,68.3320992,1.38e-16,5.78e-14,"T2_vs_CTL","up"
"16806","TRINITY_DN48738_c0_g1_i1",8.465031642,1.725860518,58.44554416,2.09e-14,5.47e-12,"T2_vs_CTL","up"
"16809","TRINITY_DN39331_c0_g1_i1",7.443487429,0.916049652,57.95849403,2.68e-14,6.69e-12,"T2_vs_CTL","up"
"16816","TRINITY_DN19073_c0_g1_i1",6.370023564,0.826465144,55.69768608,8.45e-14,1.91e-11,"T2_vs_CTL","up"
"16817","TRINITY_DN35830_c0_g1_i1",6.173832675,1.331587369,55.37973562,9.94e-14,2.22e-11,"T2_vs_CTL","up"
"16821","TRINITY_DN36494_c0_g1_i1",8.654824917,0.324198633,53.15723704,3.08e-13,6.52e-11,"T2_vs_CTL","up"
"16822","TRINITY_DN99606_c0_g1_i1",8.67611064,0.252569785,53.02426786,3.29e-13,6.89e-11,"T2_vs_CTL","up"
"16827","TRINITY_DN39405_c0_g1_i1",8.846694884,-0.155117264,52.74973728,3.79e-13,7.46e-11,"T2_vs_CTL","up"
"16828","TRINITY_DN1273_c0_g1_i1",8.774723409,-0.020507437,52.71197735,3.86e-13,7.52e-11,"T2_vs_CTL","up"
"16832","TRINITY_DN123182_c0_g1_i1",6.476315915,1.192443673,52.19314684,5.03e-13,9.36e-11,"T2_vs_CTL","up"
"16844","TRINITY_DN62921_c3_g2_i1",5.798745883,1.28467506,49.52277771,1.96e-12,3.22e-10,"T2_vs_CTL","up"
"16849","TRINITY_DN84859_c0_g1_i1",6.068756608,0.549583743,48.91225821,2.68e-12,4.19e-10,"T2_vs_CTL","up"
"16852","TRINITY_DN12092_c0_g1_i1",5.44105069,1.405535593,48.64638353,3.07e-12,4.67e-10,"T2_vs_CTL","up"
"16853","TRINITY_DN60782_c0_g1_i3",6.712788876,1.258461902,48.3102585,3.64e-12,5.49e-10,"T2_vs_CTL","up"
"16870","TRINITY_DN57826_c0_g1_i2",7.838631652,0.977435706,45.36972836,1.63e-11,2.12e-09,"T2_vs_CTL","up"
"16872","TRINITY_DN45125_c0_g1_i1",8.445527323,-0.507175068,45.24322178,1.74e-11,2.24e-09,"T2_vs_CTL","up"
"16888","TRINITY_DN41876_c1_g1_i1",7.143153686,4.360619187,42.93948848,5.65e-11,6.47e-09,"T2_vs_CTL","up"
"16904","TRINITY_DN60553_c0_g2_i1",5.568472928,0.42429767,40.69756537,1.78e-10,1.84e-08,"T2_vs_CTL","up"
"16930","TRINITY_DN57738_c3_g1_i2",7.286528068,1.010645018,37.80625866,7.81e-10,6.96e-08,"T2_vs_CTL","up"
"16935","TRINITY_DN93261_c0_g1_i1",5.440247299,0.538504571,37.33503317,9.95e-10,8.63e-08,"T2_vs_CTL","up"
"16949","TRINITY_DN43391_c0_g1_i1",7.624543559,-0.552746465,35.68615397,2.32e-09,1.87e-07,"T2_vs_CTL","up"
"16976","TRINITY_DN51841_c0_g1_i1",7.025567067,0.724414393,33.5003066,7.13e-09,5.1e-07,"T2_vs_CTL","up"
"16996","TRINITY_DN7996_c0_g1_i1",7.026652902,0.228869508,31.98810768,1.55e-08,1.02e-06,"T2_vs_CTL","up"
"17004","TRINITY_DN57353_c1_g1_i1",7.156480146,-0.30369034,31.73204606,1.77e-08,1.13e-06,"T2_vs_CTL","up"
"17011","TRINITY_DN83294_c0_g1_i1",7.108252644,-0.25397979,31.40474405,2.09e-08,1.3e-06,"T2_vs_CTL","up"
"17024","TRINITY_DN98287_c0_g1_i1",7.308020654,-0.971744685,30.71687654,2.99e-08,1.77e-06,"T2_vs_CTL","up"
"17031","TRINITY_DN95363_c0_g1_i2",6.731802348,0.81722821,30.35111158,3.61e-08,2.09e-06,"T2_vs_CTL","up"
"17042","TRINITY_DN58975_c0_g1_i1",7.074602672,-0.518178599,30.01824728,4.28e-08,2.39e-06,"T2_vs_CTL","up"
"17052","TRINITY_DN125311_c0_g1_i1",5.405229973,-0.364886299,29.47077877,5.68e-08,3.07e-06,"T2_vs_CTL","up"
"17061","TRINITY_DN16845_c0_g1_i1",7.227131649,-1.27994269,29.01720327,7.17e-08,3.77e-06,"T2_vs_CTL","up"
"17064","TRINITY_DN59399_c0_g2_i1",6.84316622,-0.171580924,28.85006243,7.82e-08,4.07e-06,"T2_vs_CTL","up"
"17068","TRINITY_DN80364_c0_g1_i1",6.676965441,0.476063009,28.77387652,8.13e-08,4.18e-06,"T2_vs_CTL","up"
"17069","TRINITY_DN6687_c0_g1_i1",6.6778989,0.444119191,28.73580978,8.3e-08,4.24e-06,"T2_vs_CTL","up"
"17070","TRINITY_DN38830_c0_g1_i1",5.027590898,0.800644715,28.73289145,8.31e-08,4.24e-06,"T2_vs_CTL","up"
"17095","TRINITY_DN138588_c0_g1_i1",7.012275997,-0.961384406,27.93567428,1.25e-07,5.94e-06,"T2_vs_CTL","up"
"17098","TRINITY_DN56909_c0_g1_i3",6.744080027,-0.214125975,27.80804756,1.34e-07,6.3e-06,"T2_vs_CTL","up"
"17111","TRINITY_DN61288_c1_g2_i1",6.7254675,-0.279552368,27.33326913,1.71e-07,7.77e-06,"T2_vs_CTL","up"
"17114","TRINITY_DN54928_c0_g1_i2",6.720187325,-0.300699939,27.15124643,1.88e-07,8.47e-06,"T2_vs_CTL","up"
"17130","TRINITY_DN3238_c1_g1_i1",6.911204075,-1.11874147,26.58275303,2.52e-07,1.09e-05,"T2_vs_CTL","up"
"17136","TRINITY_DN21844_c0_g1_i1",6.957428232,-1.445033966,26.37657225,2.81e-07,1.19e-05,"T2_vs_CTL","up"
"17168","TRINITY_DN95909_c0_g1_i1",5.628436925,-0.699128496,25.7940906,3.8e-07,1.49e-05,"T2_vs_CTL","up"
"17170","TRINITY_DN63283_c0_g1_i12",6.537836954,-0.148175104,25.72522889,3.94e-07,1.54e-05,"T2_vs_CTL","up"
"17173","TRINITY_DN4500_c0_g1_i1",6.482161782,0.027457859,25.70449899,3.98e-07,1.55e-05,"T2_vs_CTL","up"
"17199","TRINITY_DN97763_c0_g1_i1",6.586213577,-0.596562558,25.02426761,5.66e-07,2.07e-05,"T2_vs_CTL","up"
"17200","TRINITY_DN51776_c0_g1_i3",6.46027997,-0.142484207,25.00005202,5.73e-07,2.1e-05,"T2_vs_CTL","up"
"17208","TRINITY_DN24943_c0_g1_i1",5.099548662,-0.693769527,24.63320911,6.93e-07,2.49e-05,"T2_vs_CTL","up"
"17219","TRINITY_DN42258_c0_g1_i1",5.561607944,-0.901457995,24.41161316,7.78e-07,2.73e-05,"T2_vs_CTL","up"
"17220","TRINITY_DN111157_c0_g1_i1",5.50500382,-0.717572683,24.39418637,7.85e-07,2.75e-05,"T2_vs_CTL","up"
"17230","TRINITY_DN39768_c0_g1_i1",5.331198147,-0.327398934,24.13867082,8.96e-07,3.08e-05,"T2_vs_CTL","up"
"17233","TRINITY_DN57887_c0_g1_i1",6.418918277,-0.362712659,24.07316275,9.27e-07,3.16e-05,"T2_vs_CTL","up"
"17238","TRINITY_DN82084_c0_g1_i1",6.337383654,-0.053661223,24.00912202,9.59e-07,3.24e-05,"T2_vs_CTL","up"
"17240","TRINITY_DN27578_c0_g2_i1",6.470808099,-0.601716159,23.97172427,9.78e-07,3.29e-05,"T2_vs_CTL","up"
"17244","TRINITY_DN42580_c0_g1_i2",6.631720083,-1.231291456,23.9089727,1.01e-06,3.37e-05,"T2_vs_CTL","up"
"17262","TRINITY_DN59053_c6_g1_i1",6.292031078,-0.163937382,23.40349093,1.31e-06,4.23e-05,"T2_vs_CTL","up"
"17263","TRINITY_DN3303_c0_g1_i1",5.504064779,-1.150989919,23.34168456,1.36e-06,4.36e-05,"T2_vs_CTL","up"
"17297","TRINITY_DN108055_c0_g1_i1",6.437349221,-1.023011073,22.7077152,1.89e-06,5.69e-05,"T2_vs_CTL","up"
"17312","TRINITY_DN98103_c0_g1_i1",6.313653806,-0.624088506,22.47054548,2.13e-06,6.27e-05,"T2_vs_CTL","up"
"17315","TRINITY_DN45056_c0_g1_i1",6.498247236,-1.476182502,22.41416434,2.2e-06,6.42e-05,"T2_vs_CTL","up"
"17338","TRINITY_DN122947_c0_g1_i1",5.350568096,-1.105529134,21.98891666,2.74e-06,7.7e-05,"T2_vs_CTL","up"
"17339","TRINITY_DN40911_c0_g1_i1",6.444253331,-1.473980399,21.98119447,2.75e-06,7.72e-05,"T2_vs_CTL","up"
"17356","TRINITY_DN138413_c0_g1_i1",6.304805047,-0.959231086,21.61570674,3.33e-06,9.08e-05,"T2_vs_CTL","up"
"17366","TRINITY_DN47759_c1_g1_i2",6.263137513,-0.925853233,21.34850288,3.83e-06,0.000102738,"T2_vs_CTL","up"
"17373","TRINITY_DN53957_c0_g1_i1",6.282705015,-1.041370939,21.28597379,3.96e-06,0.000104967,"T2_vs_CTL","up"
"17375","TRINITY_DN36645_c0_g1_i1",6.31491226,-1.249579139,21.25353082,4.02e-06,0.000106421,"T2_vs_CTL","up"
"17389","TRINITY_DN58444_c0_g1_i2",5.956824992,0.307771549,20.99570015,4.6e-06,0.000118935,"T2_vs_CTL","up"
"17395","TRINITY_DN113352_c0_g1_i1",6.180571196,-0.768703911,20.95544844,4.7e-06,0.000120524,"T2_vs_CTL","up"
"17410","TRINITY_DN48028_c0_g1_i1",5.965014484,-0.037035531,20.66600992,5.47e-06,0.00013684,"T2_vs_CTL","up"
"17416","TRINITY_DN79353_c0_g1_i1",6.201695015,-1.079141294,20.62407317,5.59e-06,0.000138827,"T2_vs_CTL","up"
"17440","TRINITY_DN56513_c0_g1_i1",6.020830448,-0.508253478,20.17003,7.09e-06,0.000169949,"T2_vs_CTL","up"
"17447","TRINITY_DN50604_c0_g1_i3",6.031501503,-0.577084394,20.0996901,7.35e-06,0.000174565,"T2_vs_CTL","up"
"17453","TRINITY_DN100034_c0_g1_i1",6.186697821,-1.426100518,20.01321415,7.69e-06,0.000181098,"T2_vs_CTL","up"
"17460","TRINITY_DN48543_c0_g1_i1",6.178001027,-1.517792129,19.93125412,8.03e-06,0.000187187,"T2_vs_CTL","up"
"17465","TRINITY_DN49617_c0_g1_i1",6.168223358,-1.468489159,19.84954925,8.38e-06,0.000194009,"T2_vs_CTL","up"
"17473","TRINITY_DN79914_c0_g1_i1",6.119158584,-1.242684596,19.74496772,8.85e-06,0.000202678,"T2_vs_CTL","up"
"17495","TRINITY_DN55879_c0_g1_i1",6.027249087,-0.980514714,19.32041201,1.11e-05,0.000245724,"T2_vs_CTL","up"
"17498","TRINITY_DN109644_c0_g1_i1",5.082907944,-1.405329672,19.25425738,1.14e-05,0.000253341,"T2_vs_CTL","up"
"17499","TRINITY_DN56440_c0_g1_i1",5.004698807,-0.921036196,19.25201049,1.15e-05,0.000253341,"T2_vs_CTL","up"
"17502","TRINITY_DN42921_c0_g1_i2",6.081637701,-1.438472935,19.18954572,1.18e-05,0.000260734,"T2_vs_CTL","up"
"17503","TRINITY_DN43999_c1_g1_i1",5.056415498,-1.281215201,19.12069262,1.23e-05,0.000269956,"T2_vs_CTL","up"
"17529","TRINITY_DN59001_c0_g2_i1",5.86712801,-0.60987397,18.70906457,1.52e-05,0.000323899,"T2_vs_CTL","up"
"17530","TRINITY_DN41704_c0_g2_i1",5.732775406,0.111139555,18.67630369,1.55e-05,0.000329094,"T2_vs_CTL","up"
"17547","TRINITY_DN29679_c0_g1_i1",5.791054859,-0.474036288,18.43629358,1.76e-05,0.00036537,"T2_vs_CTL","up"
"17554","TRINITY_DN53586_c0_g1_i1",5.671482474,0.261696448,18.39276897,1.8e-05,0.000370589,"T2_vs_CTL","up"
"17556","TRINITY_DN56693_c0_g1_i1",5.829613319,-0.619783535,18.35114717,1.84e-05,0.000377843,"T2_vs_CTL","up"
"17558","TRINITY_DN47759_c1_g1_i1",5.890560777,-0.956024546,18.30190521,1.89e-05,0.000386786,"T2_vs_CTL","up"
"17566","TRINITY_DN64908_c0_g1_i5",5.816511665,-0.65184895,18.19875995,1.99e-05,0.000404344,"T2_vs_CTL","up"
"17567","TRINITY_DN89719_c0_g1_i1",5.790789384,-0.568242434,18.1830299,2.01e-05,0.000407014,"T2_vs_CTL","up"
"17632","TRINITY_DN123952_c0_g1_i1",5.780702617,-1.037233401,17.46870275,2.92e-05,0.000549432,"T2_vs_CTL","up"
"17663","TRINITY_DN50477_c1_g2_i1",5.803900977,-1.302275005,17.23665026,3.3e-05,0.000599381,"T2_vs_CTL","up"
"17665","TRINITY_DN70231_c0_g1_i1",5.74228336,-0.972295656,17.22516685,3.32e-05,0.00060222,"T2_vs_CTL","up"
"17666","TRINITY_DN23519_c2_g1_i1",5.581630709,-0.139569606,17.21684448,3.33e-05,0.00060421,"T2_vs_CTL","up"
"17675","TRINITY_DN57948_c0_g1_i2",5.715448784,-0.933474001,17.14612971,3.46e-05,0.000621076,"T2_vs_CTL","up"
"17676","TRINITY_DN60057_c0_g1_i1",5.748334988,-1.017153844,17.14140528,3.47e-05,0.000621956,"T2_vs_CTL","up"
"17723","TRINITY_DN49398_c0_g1_i1",5.704676574,-1.193400679,16.66898711,4.45e-05,0.000759493,"T2_vs_CTL","up"
"17727","TRINITY_DN38030_c0_g2_i1",5.670537444,-0.962708724,16.62400945,4.56e-05,0.000774257,"T2_vs_CTL","up"
"17728","TRINITY_DN55461_c2_g1_i1",5.740823088,-1.552123555,16.62120677,4.56e-05,0.000774257,"T2_vs_CTL","up"
"17729","TRINITY_DN57966_c0_g1_i1",5.649145423,-0.834281695,16.62090235,4.56e-05,0.000774257,"T2_vs_CTL","up"
"17734","TRINITY_DN38687_c0_g1_i1",5.706764544,-1.299046726,16.56298439,4.71e-05,0.000793664,"T2_vs_CTL","up"
"17737","TRINITY_DN41237_c0_g1_i1",5.459385949,0.10645664,16.54843239,4.74e-05,0.000797949,"T2_vs_CTL","up"
"17744","TRINITY_DN5717_c0_g1_i1",5.585609421,-0.648898426,16.41638476,5.08e-05,0.000849528,"T2_vs_CTL","up"
"17745","TRINITY_DN46061_c0_g1_i1",5.670028952,-1.2462263,16.3948589,5.14e-05,0.000858374,"T2_vs_CTL","up"
"17757","TRINITY_DN96485_c0_g1_i1",5.665589702,-1.231629784,16.31030189,5.38e-05,0.000886927,"T2_vs_CTL","up"
"17758","TRINITY_DN35881_c0_g1_i1",5.643272181,-1.120356789,16.29063316,5.43e-05,0.000895299,"T2_vs_CTL","up"
"17784","TRINITY_DN43316_c0_g1_i1",5.621108953,-1.378447439,15.909575,6.64e-05,0.001066834,"T2_vs_CTL","up"
"17820","TRINITY_DN111848_c0_g1_i1",5.521445867,-0.99368453,15.59079911,7.86e-05,0.00122127,"T2_vs_CTL","up"
"17832","TRINITY_DN29709_c0_g1_i1",5.509999942,-1.046614939,15.47243889,8.37e-05,0.001285781,"T2_vs_CTL","up"
"17834","TRINITY_DN33068_c0_g1_i1",5.544532215,-1.3521989,15.46890415,8.39e-05,0.001285912,"T2_vs_CTL","up"
"17838","TRINITY_DN47345_c0_g1_i2",5.481392271,-0.787887257,15.4439657,8.5e-05,0.001298236,"T2_vs_CTL","up"
"17841","TRINITY_DN18751_c0_g1_i1",5.542074478,-1.278721394,15.43595076,8.53e-05,0.001300195,"T2_vs_CTL","up"
"17851","TRINITY_DN48911_c0_g1_i1",5.305707853,0.196341518,15.37876976,8.8e-05,0.001328055,"T2_vs_CTL","up"
"17854","TRINITY_DN47122_c1_g1_i1",5.497580283,-0.977711653,15.37013454,8.84e-05,0.001330539,"T2_vs_CTL","up"
"17874","TRINITY_DN138087_c0_g1_i1",5.458223752,-0.832940612,15.26591912,9.34e-05,0.001381161,"T2_vs_CTL","up"
"17908","TRINITY_DN65998_c0_g1_i1",5.492272635,-1.384981338,14.98646081,0.000108285,0.001554814,"T2_vs_CTL","up"
"17944","TRINITY_DN57734_c0_g1_i1",5.229661652,0.15271173,14.73283726,0.00012387,0.00172225,"T2_vs_CTL","up"
"17970","TRINITY_DN80105_c0_g1_i1",5.405106103,-1.222332576,14.61118066,0.000132128,0.001801378,"T2_vs_CTL","up"
"18023","TRINITY_DN52527_c0_g1_i1",5.36121079,-1.326304869,14.17823687,0.000166283,0.002173228,"T2_vs_CTL","up"
"18052","TRINITY_DN33909_c0_g1_i1",5.201925019,-0.501596166,13.97442545,0.000185314,0.002368345,"T2_vs_CTL","up"
"18064","TRINITY_DN45974_c0_g1_i1",5.279919708,-0.960156428,13.92244746,0.00019051,0.002412642,"T2_vs_CTL","up"
"18106","TRINITY_DN26902_c0_g1_i1",5.260510964,-1.178650377,13.64809092,0.000220465,0.002704642,"T2_vs_CTL","up"
"18124","TRINITY_DN60499_c4_g1_i2",5.278451181,-1.435097568,13.58330674,0.000228206,0.002764561,"T2_vs_CTL","up"
"18130","TRINITY_DN48658_c0_g1_i1",5.233925421,-1.151182264,13.52542085,0.000235354,0.002838826,"T2_vs_CTL","up"
"18138","TRINITY_DN53447_c0_g1_i1",5.121110747,-0.400557156,13.49115372,0.000239691,0.002872658,"T2_vs_CTL","up"
"18219","TRINITY_DN30391_c0_g1_i1",5.129044014,-0.903087161,13.02832783,0.000306814,0.003477784,"T2_vs_CTL","up"
"18241","TRINITY_DN63703_c3_g1_i1",5.049474769,-0.470274847,12.88403562,0.000331397,0.003701298,"T2_vs_CTL","up"
"18249","TRINITY_DN800_c0_g1_i1",5.159989144,-1.460497798,12.84429958,0.000338509,0.003760661,"T2_vs_CTL","up"
"18255","TRINITY_DN21472_c0_g1_i1",5.129052727,-1.198066384,12.82388496,0.000342222,0.00378541,"T2_vs_CTL","up"
"18261","TRINITY_DN124614_c0_g1_i1",5.126427459,-1.199739019,12.80940956,0.00034488,0.003801177,"T2_vs_CTL","up"
"18262","TRINITY_DN34506_c0_g1_i1",5.157408678,-1.544483436,12.80270423,0.000346119,0.003812315,"T2_vs_CTL","up"
"18294","TRINITY_DN31560_c0_g1_i1",5.129059306,-1.540059841,12.65929233,0.000373704,0.004030914,"T2_vs_CTL","up"
"18334","TRINITY_DN53022_c0_g1_i1",5.066216976,-1.062574284,12.46586359,0.000414457,0.004358566,"T2_vs_CTL","up"
"18339","TRINITY_DN56776_c0_g1_i1",5.049032749,-0.967505071,12.43942874,0.000420364,0.00440685,"T2_vs_CTL","up"
"18384","TRINITY_DN60055_c2_g1_i2",5.047046703,-1.222983181,12.26505219,0.00046152,0.004705708,"T2_vs_CTL","up"
"33485","TRINITY_DN58348_c94_g1_i1",10.68224388,8.774037292,207.4072275,5.05e-47,8.46e-43,"T3_vs_CTL","up"
"33489","TRINITY_DN54152_c0_g1_i1",7.883792695,5.60453638,146.1293435,1.22e-33,4.07e-30,"T3_vs_CTL","up"
"33491","TRINITY_DN16700_c0_g1_i1",7.096401491,3.775400869,108.5052081,2.08e-25,4.98e-22,"T3_vs_CTL","up"
"33492","TRINITY_DN48091_c0_g1_i2",7.821391748,3.506458627,105.3561593,1.02e-24,2.14e-21,"T3_vs_CTL","up"
"33493","TRINITY_DN46032_c0_g1_i1",5.818187072,7.910479938,100.6916509,1.07e-23,2e-20,"T3_vs_CTL","up"
"33496","TRINITY_DN942_c0_g1_i1",5.356698954,6.987496199,90.9900506,1.44e-21,2.01e-18,"T3_vs_CTL","up"
"33498","TRINITY_DN52290_c0_g1_i1",5.489691641,4.144621912,85.19229446,2.71e-20,3.05e-17,"T3_vs_CTL","up"
"33499","TRINITY_DN65437_c0_g1_i1",5.240897184,8.378002358,85.17401651,2.73e-20,3.05e-17,"T3_vs_CTL","up"
"33502","TRINITY_DN52164_c36_g1_i1",5.231128121,13.85982472,77.10258997,1.62e-18,1.51e-15,"T3_vs_CTL","up"
"33503","TRINITY_DN26201_c0_g1_i1",5.107825946,11.47011132,76.92886698,1.77e-18,1.56e-15,"T3_vs_CTL","up"
"33512","TRINITY_DN48738_c0_g1_i1",9.195017388,1.725860518,71.5077535,2.76e-17,1.65e-14,"T3_vs_CTL","up"
"33519","TRINITY_DN3193_c0_g1_i1",6.205725866,2.872447172,67.85780042,1.76e-16,8.41e-14,"T3_vs_CTL","up"
"33520","TRINITY_DN23956_c0_g1_i2",5.872814292,2.061614444,67.26139078,2.38e-16,1.11e-13,"T3_vs_CTL","up"
"33523","TRINITY_DN47240_c1_g1_i2",6.12263994,2.299839522,64.49057936,9.7e-16,4.16e-13,"T3_vs_CTL","up"
"33524","TRINITY_DN57734_c3_g1_i1",5.882559394,1.992339418,64.37517965,1.03e-15,4.3e-13,"T3_vs_CTL","up"
"33526","TRINITY_DN95363_c0_g1_i2",9.085015907,0.81722821,63.55359019,1.56e-15,6.22e-13,"T3_vs_CTL","up"
"33535","TRINITY_DN51841_c0_g1_i1",8.933878883,0.724414393,60.49829028,7.36e-15,2.42e-12,"T3_vs_CTL","up"
"33539","TRINITY_DN131393_c0_g1_i1",5.43042404,2.554018998,59.44884075,1.26e-14,3.82e-12,"T3_vs_CTL","up"
"33550","TRINITY_DN12092_c0_g1_i1",5.780930239,1.405535593,54.5576035,1.51e-13,3.83e-11,"T3_vs_CTL","up"
"33555","TRINITY_DN80364_c0_g1_i1",8.522652838,0.476063009,52.63400947,4.02e-13,9.48e-11,"T3_vs_CTL","up"
"33560","TRINITY_DN39331_c0_g1_i1",7.012124961,0.916049652,51.40602979,7.51e-13,1.65e-10,"T3_vs_CTL","up"
"33561","TRINITY_DN27687_c1_g1_i2",5.729076343,1.09990829,51.15341076,8.54e-13,1.86e-10,"T3_vs_CTL","up"
"33563","TRINITY_DN6687_c0_g1_i1",8.422206345,0.444119191,51.02595209,9.12e-13,1.93e-10,"T3_vs_CTL","up"
"33577","TRINITY_DN59053_c0_g1_i1",5.535413989,1.741853053,47.08723949,6.79e-12,1.22e-09,"T3_vs_CTL","up"
"33580","TRINITY_DN7996_c0_g1_i1",8.221192012,0.228869508,46.97781791,7.18e-12,1.25e-09,"T3_vs_CTL","up"
"33581","TRINITY_DN57738_c3_g1_i2",7.890923616,1.010645018,46.70637868,8.25e-12,1.42e-09,"T3_vs_CTL","up"
"33582","TRINITY_DN41704_c0_g2_i1",8.221712143,0.111139555,46.45051515,9.4e-12,1.61e-09,"T3_vs_CTL","up"
"33590","TRINITY_DN36494_c0_g1_i1",8.075911529,0.324198633,45.55456176,1.48e-11,2.34e-09,"T3_vs_CTL","up"
"33599","TRINITY_DN58444_c0_g1_i2",7.985982966,0.307771549,44.24511048,2.9e-11,4.22e-09,"T3_vs_CTL","up"
"33600","TRINITY_DN123182_c0_g1_i1",5.946011571,1.192443673,44.15397234,3.04e-11,4.34e-09,"T3_vs_CTL","up"
"33606","TRINITY_DN61288_c1_g2_i1",8.152137271,-0.279552368,43.52530253,4.19e-11,5.74e-09,"T3_vs_CTL","up"
"33607","TRINITY_DN51776_c0_g1_i3",8.087295194,-0.142484207,43.47570604,4.29e-11,5.84e-09,"T3_vs_CTL","up"
"33608","TRINITY_DN99606_c0_g1_i1",7.938443191,0.252569785,43.43378114,4.39e-11,5.92e-09,"T3_vs_CTL","up"
"33612","TRINITY_DN30886_c1_g1_i1",6.22745474,0.397653393,43.15262967,5.06e-11,6.62e-09,"T3_vs_CTL","up"
"33616","TRINITY_DN45976_c0_g1_i1",5.247631279,1.04538695,42.20046896,8.24e-11,1.04e-08,"T3_vs_CTL","up"
"33622","TRINITY_DN58064_c2_g1_i11",5.575571046,0.49349103,41.70466963,1.06e-10,1.29e-08,"T3_vs_CTL","up"
"33624","TRINITY_DN59932_c1_g1_i1",5.282090706,0.568996959,41.21966678,1.36e-10,1.63e-08,"T3_vs_CTL","up"
"33625","TRINITY_DN57734_c0_g1_i1",7.751755845,0.15271173,40.73909563,1.74e-10,2.07e-08,"T3_vs_CTL","up"
"33627","TRINITY_DN63283_c0_g1_i12",7.8564731,-0.148175104,40.67332598,1.8e-10,2.11e-08,"T3_vs_CTL","up"
"33632","TRINITY_DN19073_c0_g1_i1",5.356482889,0.826465144,40.31864017,2.16e-10,2.44e-08,"T3_vs_CTL","up"
"33648","TRINITY_DN123903_c0_g1_i1",6.005847283,0.222219224,39.06839077,4.09e-10,4.18e-08,"T3_vs_CTL","up"
"33650","TRINITY_DN46148_c0_g1_i1",5.206782713,0.603842419,39.02666704,4.18e-10,4.22e-08,"T3_vs_CTL","up"
"33654","TRINITY_DN83294_c0_g1_i1",7.739498769,-0.25397979,38.76510814,4.78e-10,4.71e-08,"T3_vs_CTL","up"
"33659","TRINITY_DN39768_c0_g1_i1",6.580983848,-0.327398934,38.17559299,6.47e-10,6.19e-08,"T3_vs_CTL","up"
"33671","TRINITY_DN40728_c0_g1_i1",5.196880867,0.681137437,37.07310825,1.14e-09,1.02e-07,"T3_vs_CTL","up"
"33684","TRINITY_DN37830_c0_g1_i1",6.33332162,0.025701282,36.55777057,1.48e-09,1.23e-07,"T3_vs_CTL","up"
"33695","TRINITY_DN33909_c0_g1_i1",7.605818567,-0.501596166,36.00054627,1.97e-09,1.57e-07,"T3_vs_CTL","up"
"33698","TRINITY_DN57353_c1_g1_i1",7.496186628,-0.30369034,35.7858208,2.2e-09,1.72e-07,"T3_vs_CTL","up"
"33702","TRINITY_DN59399_c0_g2_i1",7.423597569,-0.171580924,35.58512645,2.44e-09,1.87e-07,"T3_vs_CTL","up"
"33712","TRINITY_DN28931_c0_g1_i1",5.36802385,0.317048693,34.93933122,3.4e-09,2.5e-07,"T3_vs_CTL","up"
"33713","TRINITY_DN57826_c0_g1_i2",7.026020563,0.977435706,34.85422438,3.55e-09,2.6e-07,"T3_vs_CTL","up"
"33714","TRINITY_DN43171_c0_g1_i1",5.303186315,0.400656551,34.800428,3.65e-09,2.66e-07,"T3_vs_CTL","up"
"33722","TRINITY_DN54928_c0_g1_i2",7.386374956,-0.300699939,34.59569791,4.06e-09,2.85e-07,"T3_vs_CTL","up"
"33723","TRINITY_DN63703_c3_g1_i1",7.45463218,-0.470274847,34.55822562,4.14e-09,2.9e-07,"T3_vs_CTL","up"
"33728","TRINITY_DN65087_c6_g1_i1",7.527839203,-0.683363068,34.24847857,4.85e-09,3.33e-07,"T3_vs_CTL","up"
"33733","TRINITY_DN56693_c0_g1_i1",7.453908225,-0.619783535,33.78971773,6.14e-09,4.13e-07,"T3_vs_CTL","up"
"33738","TRINITY_DN113352_c0_g1_i1",7.518038451,-0.768703911,33.64058271,6.63e-09,4.37e-07,"T3_vs_CTL","up"
"33739","TRINITY_DN56513_c0_g1_i1",7.380263601,-0.508253478,33.57337639,6.86e-09,4.51e-07,"T3_vs_CTL","up"
"33744","TRINITY_DN56909_c0_g1_i3",7.23946999,-0.214125975,33.26053061,8.06e-09,5.19e-07,"T3_vs_CTL","up"
"33749","TRINITY_DN58200_c0_g1_i1",7.432262483,-0.796086248,32.62902842,1.12e-08,7.03e-07,"T3_vs_CTL","up"
"33750","TRINITY_DN60782_c0_g1_i3",5.610082044,1.258461902,32.62663906,1.12e-08,7.03e-07,"T3_vs_CTL","up"
"33751","TRINITY_DN38830_c0_g1_i1",5.305171063,0.800644715,32.60378306,1.13e-08,7.07e-07,"T3_vs_CTL","up"
"33755","TRINITY_DN64908_c0_g1_i5",7.344849607,-0.65184895,32.50387375,1.19e-08,7.35e-07,"T3_vs_CTL","up"
"33762","TRINITY_DN58975_c0_g1_i1",7.279314097,-0.518178599,32.37174775,1.27e-08,7.67e-07,"T3_vs_CTL","up"
"33772","TRINITY_DN48028_c0_g1_i1",7.066446667,-0.037035531,31.95364776,1.58e-08,9.18e-07,"T3_vs_CTL","up"
"33777","TRINITY_DN29679_c0_g1_i1",7.186909369,-0.474036288,31.73356936,1.77e-08,1.01e-06,"T3_vs_CTL","up"
"33781","TRINITY_DN27578_c0_g2_i1",7.224330543,-0.601716159,31.52831082,1.97e-08,1.11e-06,"T3_vs_CTL","up"
"33784","TRINITY_DN23519_c2_g1_i1",7.039296634,-0.139569606,31.45241378,2.04e-08,1.14e-06,"T3_vs_CTL","up"
"33786","TRINITY_DN41365_c0_g1_i1",5.180468857,-0.035863618,31.34908089,2.16e-08,1.19e-06,"T3_vs_CTL","up"
"33787","TRINITY_DN64353_c1_g2_i6",5.986151691,-0.252431208,31.34325938,2.16e-08,1.19e-06,"T3_vs_CTL","up"
"33798","TRINITY_DN54364_c0_g1_i1",7.14282597,-0.549845976,30.93451708,2.67e-08,1.42e-06,"T3_vs_CTL","up"
"33804","TRINITY_DN112413_c0_g1_i1",7.370250328,-1.223609159,30.78629538,2.88e-08,1.51e-06,"T3_vs_CTL","up"
"33826","TRINITY_DN44681_c0_g1_i1",5.973098953,-0.538280964,30.20679296,3.88e-08,1.9e-06,"T3_vs_CTL","up"
"33828","TRINITY_DN54730_c0_g1_i1",5.36852577,-0.14195292,30.16093242,3.98e-08,1.94e-06,"T3_vs_CTL","up"
"33832","TRINITY_DN57734_c2_g1_i1",5.255685085,-0.226218079,29.92407446,4.49e-08,2.16e-06,"T3_vs_CTL","up"
"33836","TRINITY_DN59779_c1_g1_i3",5.899570358,-0.494170207,29.7420931,4.94e-08,2.35e-06,"T3_vs_CTL","up"
"33848","TRINITY_DN56776_c0_g1_i1",7.133074571,-0.967505071,29.28311794,6.25e-08,2.86e-06,"T3_vs_CTL","up"
"33850","TRINITY_DN57966_c0_g1_i1",7.096298579,-0.834281695,29.28169308,6.26e-08,2.86e-06,"T3_vs_CTL","up"
"33853","TRINITY_DN64083_c0_g1_i2",5.315539725,-0.093587303,29.14942813,6.7e-08,3.04e-06,"T3_vs_CTL","up"
"33854","TRINITY_DN50604_c0_g1_i3",6.968216248,-0.577084394,29.08611918,6.92e-08,3.13e-06,"T3_vs_CTL","up"
"33856","TRINITY_DN60057_c0_g1_i1",7.121954446,-1.017153844,29.03540875,7.11e-08,3.2e-06,"T3_vs_CTL","up"
"33863","TRINITY_DN138413_c0_g1_i1",7.083018529,-0.959231086,28.86138296,7.77e-08,3.43e-06,"T3_vs_CTL","up"
"33873","TRINITY_DN4500_c0_g1_i1",6.726381489,0.027457859,28.57308879,9.02e-08,3.88e-06,"T3_vs_CTL","up"
"33877","TRINITY_DN59053_c6_g1_i1",6.777068102,-0.163937382,28.46947644,9.52e-08,4.06e-06,"T3_vs_CTL","up"
"33879","TRINITY_DN51728_c0_g1_i1",5.267582288,-0.287442555,28.44943915,9.62e-08,4.08e-06,"T3_vs_CTL","up"
"33891","TRINITY_DN29709_c0_g1_i1",7.031681457,-1.046614939,28.15413725,1.12e-07,4.61e-06,"T3_vs_CTL","up"
"33896","TRINITY_DN97763_c0_g1_i1",6.871208957,-0.596562558,28.05430264,1.18e-07,4.79e-06,"T3_vs_CTL","up"
"33902","TRINITY_DN64861_c5_g1_i1",5.77893517,-0.500416376,27.83313712,1.32e-07,5.29e-06,"T3_vs_CTL","up"
"33912","TRINITY_DN125311_c0_g1_i1",5.216533143,-0.364886299,27.62113651,1.48e-07,5.77e-06,"T3_vs_CTL","up"
"33929","TRINITY_DN59001_c0_g2_i1",6.781133305,-0.60987397,27.20527616,1.83e-07,6.88e-06,"T3_vs_CTL","up"
"33930","TRINITY_DN38030_c0_g2_i1",6.903235022,-0.962708724,27.18252394,1.85e-07,6.95e-06,"T3_vs_CTL","up"
"33939","TRINITY_DN82084_c0_g1_i1",6.590847768,-0.053661223,27.01947833,2.01e-07,7.4e-06,"T3_vs_CTL","up"
"33944","TRINITY_DN57887_c0_g1_i1",6.665804765,-0.362712659,26.96046074,2.08e-07,7.56e-06,"T3_vs_CTL","up"
"33951","TRINITY_DN21040_c0_g1_i1",5.589094371,-0.428821396,26.79207315,2.27e-07,8.12e-06,"T3_vs_CTL","up"
"33952","TRINITY_DN57935_c0_g1_i1",5.695713489,-0.661550952,26.78450258,2.27e-07,8.14e-06,"T3_vs_CTL","up"
"33954","TRINITY_DN12269_c0_g1_i1",5.66393989,-0.60485071,26.73027192,2.34e-07,8.33e-06,"T3_vs_CTL","up"
"33964","TRINITY_DN66019_c0_g1_i1",5.031341092,-0.139937252,26.54141594,2.58e-07,9e-06,"T3_vs_CTL","up"
"33965","TRINITY_DN55879_c0_g1_i1",6.831168869,-0.980514714,26.4940735,2.64e-07,9.2e-06,"T3_vs_CTL","up"
"33966","TRINITY_DN13743_c0_g1_i1",5.719843328,-0.696900628,26.48911787,2.65e-07,9.21e-06,"T3_vs_CTL","up"
"33968","TRINITY_DN26622_c0_g1_i1",6.870481419,-1.174856733,26.37101926,2.82e-07,9.75e-06,"T3_vs_CTL","up"
"33974","TRINITY_DN108055_c0_g1_i1",6.821386738,-1.023011073,26.29127559,2.94e-07,1e-05,"T3_vs_CTL","up"
"33976","TRINITY_DN11554_c0_g1_i1",5.644480114,-0.663818147,26.25239351,3e-07,1.02e-05,"T3_vs_CTL","up"
"33984","TRINITY_DN42061_c0_g1_i1",5.532465253,-0.443510509,26.07054298,3.29e-07,1.1e-05,"T3_vs_CTL","up"
"33993","TRINITY_DN43896_c0_g1_i1",5.173949268,-0.639301919,25.88797262,3.62e-07,1.19e-05,"T3_vs_CTL","up"
"33997","TRINITY_DN45974_c0_g1_i1",6.742932873,-0.960156428,25.76395778,3.86e-07,1.26e-05,"T3_vs_CTL","up"
"34001","TRINITY_DN95909_c0_g1_i1",5.597214467,-0.699128496,25.70304377,3.98e-07,1.29e-05,"T3_vs_CTL","up"
"34002","TRINITY_DN53022_c0_g1_i1",6.761037783,-1.062574284,25.67553947,4.04e-07,1.31e-05,"T3_vs_CTL","up"
"34008","TRINITY_DN124614_c0_g1_i1",6.772314859,-1.199739019,25.46053103,4.52e-07,1.44e-05,"T3_vs_CTL","up"
"34022","TRINITY_DN70231_c0_g1_i1",6.678047313,-0.972295656,25.17416588,5.24e-07,1.63e-05,"T3_vs_CTL","up"
"34023","TRINITY_DN80807_c0_g1_i1",5.222078025,0.354290134,25.16401035,5.27e-07,1.64e-05,"T3_vs_CTL","up"
"34025","TRINITY_DN5717_c0_g1_i1",6.567068612,-0.648898426,25.05161951,5.58e-07,1.73e-05,"T3_vs_CTL","up"
"34031","TRINITY_DN48658_c0_g1_i1",6.680156125,-1.151182264,24.79828355,6.37e-07,1.95e-05,"T3_vs_CTL","up"
"34042","TRINITY_DN21472_c0_g1_i1",6.665747199,-1.198066384,24.55362984,7.23e-07,2.17e-05,"T3_vs_CTL","up"
"34060","TRINITY_DN60055_c2_g1_i2",6.62100496,-1.222983181,24.13444333,8.98e-07,2.61e-05,"T3_vs_CTL","up"
"34063","TRINITY_DN30391_c0_g1_i1",6.54055904,-0.903087161,24.1040772,9.13e-07,2.64e-05,"T3_vs_CTL","up"
"34076","TRINITY_DN45525_c0_g1_i1",5.414449214,-0.689648955,23.99713105,9.65e-07,2.72e-05,"T3_vs_CTL","up"
"34086","TRINITY_DN98287_c0_g1_i1",6.514626941,-0.971744685,23.7308217,1.11e-06,3.08e-05,"T3_vs_CTL","up"
"34087","TRINITY_DN43391_c0_g1_i1",6.382464411,-0.552746465,23.7187498,1.11e-06,3.09e-05,"T3_vs_CTL","up"
"34093","TRINITY_DN41876_c1_g1_i1",5.763070702,4.360619187,23.64340765,1.16e-06,3.19e-05,"T3_vs_CTL","up"
"34094","TRINITY_DN137405_c0_g1_i1",5.419301617,-0.780901807,23.609819,1.18e-06,3.24e-05,"T3_vs_CTL","up"
"34100","TRINITY_DN123952_c0_g1_i1",6.506074445,-1.037233401,23.55363625,1.21e-06,3.3e-05,"T3_vs_CTL","up"
"34101","TRINITY_DN111157_c0_g1_i1",5.383880237,-0.717572683,23.5479855,1.22e-06,3.3e-05,"T3_vs_CTL","up"
"34112","TRINITY_DN123020_c0_g1_i1",5.16487738,-0.187233735,23.30086784,1.39e-06,3.69e-05,"T3_vs_CTL","up"
"34123","TRINITY_DN111848_c0_g1_i1",6.445904156,-0.99368453,23.07076383,1.56e-06,4.09e-05,"T3_vs_CTL","up"
"34130","TRINITY_DN89719_c0_g1_i1",6.304100971,-0.568242434,22.96345886,1.65e-06,4.28e-05,"T3_vs_CTL","up"
"34159","TRINITY_DN18751_c0_g1_i1",6.444574196,-1.278721394,22.52665429,2.07e-06,5.14e-05,"T3_vs_CTL","up"
"34161","TRINITY_DN47759_c1_g1_i2",6.340902961,-0.925853233,22.3830719,2.23e-06,5.52e-05,"T3_vs_CTL","up"
"34190","TRINITY_DN52061_c0_g1_i1",6.392372718,-1.469058586,21.96228978,2.78e-06,6.59e-05,"T3_vs_CTL","up"
"34193","TRINITY_DN35783_c0_g1_i1",5.233525473,-0.69729782,21.93368347,2.82e-06,6.66e-05,"T3_vs_CTL","up"
"34197","TRINITY_DN27848_c0_g1_i1",6.152449952,-0.474699473,21.89562287,2.88e-06,6.76e-05,"T3_vs_CTL","up"
"34200","TRINITY_DN60729_c0_g1_i1",5.355699414,-1.330805594,21.82671451,2.98e-06,6.98e-05,"T3_vs_CTL","up"
"34210","TRINITY_DN60499_c4_g1_i2",6.353631715,-1.435097568,21.65147928,3.27e-06,7.54e-05,"T3_vs_CTL","up"
"34219","TRINITY_DN48543_c0_g1_i1",6.347435325,-1.517792129,21.5165241,3.51e-06,7.99e-05,"T3_vs_CTL","up"
"34220","TRINITY_DN56425_c0_g1_i2",6.234128544,-0.908031019,21.50700724,3.53e-06,8.02e-05,"T3_vs_CTL","up"
"34229","TRINITY_DN42580_c0_g1_i2",6.28030944,-1.231291456,21.39736932,3.73e-06,8.39e-05,"T3_vs_CTL","up"
"34235","TRINITY_DN100034_c0_g1_i1",6.311384766,-1.426100518,21.33062406,3.87e-06,8.62e-05,"T3_vs_CTL","up"
"34240","TRINITY_DN47122_c1_g1_i1",6.215337987,-0.977711653,21.25447545,4.02e-06,8.91e-05,"T3_vs_CTL","up"
"34242","TRINITY_DN59347_c0_g1_i2",5.199040128,-0.817821015,21.21681852,4.1e-06,9.06e-05,"T3_vs_CTL","up"
"34245","TRINITY_DN57948_c0_g1_i2",6.202746282,-0.933474001,21.16298108,4.22e-06,9.28e-05,"T3_vs_CTL","up"
"34258","TRINITY_DN52527_c0_g1_i1",6.260506008,-1.326304869,21.02624278,4.53e-06,9.8e-05,"T3_vs_CTL","up"
"34269","TRINITY_DN28444_c0_g1_i1",6.256863904,-1.469610888,20.88314512,4.88e-06,0.000104114,"T3_vs_CTL","up"
"34276","TRINITY_DN59269_c1_g4_i1",6.237104459,-1.399954487,20.77434175,5.17e-06,0.000109226,"T3_vs_CTL","up"
"34288","TRINITY_DN79914_c0_g1_i1",6.195286429,-1.242684596,20.62731525,5.58e-06,0.000116183,"T3_vs_CTL","up"
"34302","TRINITY_DN47759_c1_g1_i1",6.108185436,-0.956024546,20.47588852,6.04e-06,0.000123495,"T3_vs_CTL","up"
"34303","TRINITY_DN53957_c0_g1_i1",6.129974247,-1.041370939,20.47508336,6.04e-06,0.000123495,"T3_vs_CTL","up"
"34306","TRINITY_DN138087_c0_g1_i1",6.086058331,-0.832940612,20.41857062,6.22e-06,0.000126732,"T3_vs_CTL","up"
"34315","TRINITY_DN79631_c0_g1_i1",6.17569597,-1.384426929,20.32918922,6.52e-06,0.000131354,"T3_vs_CTL","up"
"34326","TRINITY_DN34506_c0_g1_i1",6.175895034,-1.544483436,20.18610624,7.03e-06,0.000139705,"T3_vs_CTL","up"
"34337","TRINITY_DN64327_c3_g2_i1",6.057003993,-1.02272198,19.96260118,7.9e-06,0.000154999,"T3_vs_CTL","up"
"34343","TRINITY_DN80105_c0_g1_i1",6.092137909,-1.222332576,19.87610751,8.26e-06,0.00016104,"T3_vs_CTL","up"
"34358","TRINITY_DN14953_c0_g1_i1",6.00921547,-0.938941738,19.65344042,9.28e-06,0.000177777,"T3_vs_CTL","up"
"34374","TRINITY_DN57353_c1_g1_i2",5.028176113,-0.940674539,19.52344454,9.94e-06,0.000186781,"T3_vs_CTL","up"
"34376","TRINITY_DN7345_c0_g1_i1",6.0359563,-1.201467823,19.5191576,9.96e-06,0.000186932,"T3_vs_CTL","up"
"34387","TRINITY_DN48911_c0_g1_i1",5.742742422,0.196341518,19.41905928,1.05e-05,0.000194383,"T3_vs_CTL","up"
"34390","TRINITY_DN41237_c0_g1_i1",5.754499541,0.10645664,19.39912601,1.06e-05,0.000195979,"T3_vs_CTL","up"
"34403","TRINITY_DN38635_c0_g1_i1",6.027816072,-1.321524639,19.28316863,1.13e-05,0.000205113,"T3_vs_CTL","up"
"34406","TRINITY_DN63283_c0_g1_i3",6.045154955,-1.478499627,19.27801405,1.13e-05,0.00020519,"T3_vs_CTL","up"
"34419","TRINITY_DN138588_c0_g1_i1",5.95007972,-0.961384406,19.21146252,1.17e-05,0.000209514,"T3_vs_CTL","up"
"34425","TRINITY_DN33068_c0_g1_i1",6.018302924,-1.3521989,19.16222902,1.2e-05,0.000213618,"T3_vs_CTL","up"
"34443","TRINITY_DN50032_c1_g1_i1",5.023266949,-1.364792905,18.98196062,1.32e-05,0.000230089,"T3_vs_CTL","up"
"34448","TRINITY_DN33566_c0_g1_i1",5.983578164,-1.323124675,18.95183418,1.34e-05,0.000232826,"T3_vs_CTL","up"
"34469","TRINITY_DN64179_c1_g1_i1",5.937435109,-1.184774509,18.74629419,1.49e-05,0.000253403,"T3_vs_CTL","up"
"34474","TRINITY_DN53586_c0_g1_i1",5.656963402,0.261696448,18.73074377,1.51e-05,0.000254573,"T3_vs_CTL","up"
"34545","TRINITY_DN44680_c0_g1_i1",5.868136604,-1.406639218,18.00947544,2.2e-05,0.000346845,"T3_vs_CTL","up"
"34552","TRINITY_DN55461_c2_g1_i1",5.861544719,-1.552123555,17.90599619,2.32e-05,0.000363823,"T3_vs_CTL","up"
"34559","TRINITY_DN50920_c0_g1_i1",5.820697347,-1.245433132,17.85762896,2.38e-05,0.000370758,"T3_vs_CTL","up"
"34571","TRINITY_DN35881_c0_g1_i1",5.793830492,-1.120356789,17.73214212,2.54e-05,0.000391497,"T3_vs_CTL","up"
"34595","TRINITY_DN38496_c0_g1_i1",5.796891489,-1.337140703,17.58937992,2.74e-05,0.000413072,"T3_vs_CTL","up"
"34621","TRINITY_DN53447_c0_g1_i1",5.590461069,-0.400557156,17.28221,3.22e-05,0.000474414,"T3_vs_CTL","up"
"34679","TRINITY_DN98103_c0_g1_i1",5.546918656,-0.624088506,16.72884555,4.31e-05,0.000604118,"T3_vs_CTL","up"
"34680","TRINITY_DN47605_c0_g2_i1",5.686302932,-1.519322143,16.71661266,4.34e-05,0.000607518,"T3_vs_CTL","up"
"34730","TRINITY_DN47345_c0_g1_i2",5.540012312,-0.787887257,16.3318244,5.32e-05,0.000714338,"T3_vs_CTL","up"
"34841","TRINITY_DN50477_c1_g2_i1",5.508864386,-1.302275005,15.65238645,7.61e-05,0.000939088,"T3_vs_CTL","up"
"34842","TRINITY_DN50666_c0_g1_i3",5.520052225,-1.412924885,15.64959736,7.62e-05,0.000939781,"T3_vs_CTL","up"
"34862","TRINITY_DN26902_c0_g1_i1",5.474904628,-1.178650377,15.53479561,8.1e-05,0.000984115,"T3_vs_CTL","up"
"34872","TRINITY_DN3238_c1_g1_i1",5.461937798,-1.11874147,15.47428748,8.36e-05,0.001008805,"T3_vs_CTL","up"
"34945","TRINITY_DN79353_c0_g1_i1",5.377975902,-1.079141294,14.96032378,0.000109796,0.001258179,"T3_vs_CTL","up"
"34979","TRINITY_DN42921_c0_g1_i2",5.388384275,-1.438472935,14.78077947,0.00012076,0.001352352,"T3_vs_CTL","up"
"35047","TRINITY_DN45125_c0_g1_i1",5.204852539,-0.507175068,14.42182361,0.000146099,0.001564534,"T3_vs_CTL","up"
"35054","TRINITY_DN3471_c0_g1_i1",5.32804878,-1.442034394,14.39017071,0.000148576,0.001583922,"T3_vs_CTL","up"
"35099","TRINITY_DN49617_c0_g1_i1",5.305772968,-1.468489159,14.09266282,0.000174021,0.001804003,"T3_vs_CTL","up"
"35115","TRINITY_DN16845_c0_g1_i1",5.274616044,-1.27994269,14.01788779,0.00018108,0.00185876,"T3_vs_CTL","up"
"35142","TRINITY_DN46061_c0_g1_i1",5.226607401,-1.2462263,13.84033123,0.000199018,0.002009627,"T3_vs_CTL","up"
"35156","TRINITY_DN21844_c0_g1_i1",5.234412783,-1.445033966,13.76513569,0.000207145,0.002073703,"T3_vs_CTL","up"
"35183","TRINITY_DN17581_c0_g1_i1",5.212200903,-1.523343288,13.6170442,0.000224141,0.002208695,"T3_vs_CTL","up"
"35216","TRINITY_DN42048_c0_g1_i1",5.187730943,-1.571915981,13.4641084,0.000243171,0.002349897,"T3_vs_CTL","up"
"35224","TRINITY_DN36645_c0_g1_i1",5.163463974,-1.249579139,13.43570499,0.00024688,0.002375441,"T3_vs_CTL","up"
"35271","TRINITY_DN42922_c0_g1_i1",5.145404525,-1.522071481,13.20091253,0.000279813,0.002621503,"T3_vs_CTL","up"
"35303","TRINITY_DN139116_c0_g1_i1",5.094715555,-1.328040992,13.00840022,0.000310097,0.002852957,"T3_vs_CTL","up"
"35431","TRINITY_DN800_c0_g1_i1",5.016143338,-1.460497798,12.42673286,0.000423232,0.003639314,"T3_vs_CTL","up"
"50229","TRINITY_DN58348_c94_g1_i1",8.88739194,8.774037292,161.7297197,4.74e-37,2.64e-33,"T4_vs_CTL","up"
"50231","TRINITY_DN57337_c1_g1_i1",7.62212095,9.180429915,141.948179,9.98e-33,3.34e-29,"T4_vs_CTL","up"
"50232","TRINITY_DN51077_c0_g1_i2",7.520634144,8.851058304,139.8670744,2.85e-32,7.94e-29,"T4_vs_CTL","up"
"50234","TRINITY_DN54408_c0_g1_i2",6.879928231,8.034710259,125.7630223,3.46e-29,7.25e-26,"T4_vs_CTL","up"
"50235","TRINITY_DN3193_c0_g1_i1",8.61147466,2.872447172,121.9564913,2.36e-28,4.39e-25,"T4_vs_CTL","up"
"50237","TRINITY_DN62534_c21_g2_i6",7.002522626,12.55152811,119.3145592,8.94e-28,1.36e-24,"T4_vs_CTL","up"
"50238","TRINITY_DN42783_c0_g1_i1",6.634145786,9.427902079,116.8234752,3.14e-27,4.38e-24,"T4_vs_CTL","up"
"50239","TRINITY_DN16700_c0_g1_i1",7.372840056,3.775400869,115.2129041,7.07e-27,9.1e-24,"T4_vs_CTL","up"
"50242","TRINITY_DN48091_c0_g1_i2",8.082114917,3.506458627,111.6109199,4.35e-26,4.55e-23,"T4_vs_CTL","up"
"50243","TRINITY_DN43718_c0_g1_i1",6.554914033,4.834846558,110.5981882,7.25e-26,7.14e-23,"T4_vs_CTL","up"
"50244","TRINITY_DN54152_c0_g1_i1",6.546501648,5.60453638,110.436223,7.86e-26,7.31e-23,"T4_vs_CTL","up"
"50250","TRINITY_DN6841_c0_g1_i1",6.127324203,10.72659301,101.8731258,5.92e-24,4.13e-21,"T4_vs_CTL","up"
"50251","TRINITY_DN62917_c90_g1_i1",5.733026317,6.679620262,101.0243979,9.09e-24,6.08e-21,"T4_vs_CTL","up"
"50253","TRINITY_DN56218_c1_g1_i1",5.84197456,10.3684593,95.8421035,1.24e-22,7.72e-20,"T4_vs_CTL","up"
"50254","TRINITY_DN5468_c0_g1_i1",5.74839007,10.89809399,92.53415118,6.62e-22,3.96e-19,"T4_vs_CTL","up"
"50255","TRINITY_DN29579_c0_g1_i1",5.54506017,4.216233742,91.50646204,1.11e-21,6.42e-19,"T4_vs_CTL","up"
"50257","TRINITY_DN46032_c0_g1_i1",5.330461942,7.910479938,88.44819981,5.22e-21,2.82e-18,"T4_vs_CTL","up"
"50259","TRINITY_DN48738_c0_g1_i1",9.982494845,1.725860518,85.70975851,2.08e-20,1.06e-17,"T4_vs_CTL","up"
"50260","TRINITY_DN52290_c0_g1_i1",5.452210068,4.144621912,84.2041867,4.46e-20,2.2e-17,"T4_vs_CTL","up"
"50261","TRINITY_DN52164_c36_g1_i1",5.543923372,13.85982472,84.05510812,4.81e-20,2.3e-17,"T4_vs_CTL","up"
"50268","TRINITY_DN26201_c0_g1_i1",5.050478188,11.47011132,75.62442823,3.43e-18,1.37e-15,"T4_vs_CTL","up"
"50269","TRINITY_DN108044_c10_g1_i1",5.044587102,11.54485302,75.38951454,3.86e-18,1.5e-15,"T4_vs_CTL","up"
"50270","TRINITY_DN47240_c1_g1_i2",6.646219684,2.299839522,74.64236168,5.64e-18,2.15e-15,"T4_vs_CTL","up"
"50278","TRINITY_DN34591_c0_g1_i1",5.633481907,2.452637502,70.18283997,5.41e-17,1.71e-14,"T4_vs_CTL","up"
"50284","TRINITY_DN57738_c3_g1_i2",9.366198252,1.010645018,69.04377926,9.63e-17,2.78e-14,"T4_vs_CTL","up"
"50285","TRINITY_DN32528_c0_g1_i2",5.63651459,2.125133302,68.96296333,1e-16,2.85e-14,"T4_vs_CTL","up"
"50302","TRINITY_DN131393_c0_g1_i1",5.623524859,2.554018998,63.13240071,1.93e-15,4.24e-13,"T4_vs_CTL","up"
"50305","TRINITY_DN95363_c0_g1_i2",9.04206124,0.81722821,62.58278187,2.55e-15,5.41e-13,"T4_vs_CTL","up"
"50310","TRINITY_DN51841_c0_g1_i1",9.011981329,0.724414393,61.44068212,4.56e-15,9.09e-13,"T4_vs_CTL","up"
"50311","TRINITY_DN59053_c0_g1_i1",6.372410529,1.741853053,61.34653919,4.79e-15,9.43e-13,"T4_vs_CTL","up"
"50317","TRINITY_DN57734_c3_g1_i1",5.670781479,1.992339418,60.18962363,8.61e-15,1.58e-12,"T4_vs_CTL","up"
"50328","TRINITY_DN65245_c5_g1_i1",7.318737929,1.034397489,56.44500942,5.78e-14,9.49e-12,"T4_vs_CTL","up"
"50332","TRINITY_DN45841_c0_g1_i1",6.110632696,1.108496298,56.05757843,7.04e-14,1.11e-11,"T4_vs_CTL","up"
"50337","TRINITY_DN80364_c0_g1_i1",8.724465222,0.476063009,55.10138295,1.14e-13,1.72e-11,"T4_vs_CTL","up"
"50339","TRINITY_DN6687_c0_g1_i1",8.72355616,0.444119191,54.96792197,1.23e-13,1.82e-11,"T4_vs_CTL","up"
"50360","TRINITY_DN53586_c0_g1_i1",8.581217236,0.261696448,51.58480553,6.86e-13,8.57e-11,"T4_vs_CTL","up"
"50361","TRINITY_DN58444_c0_g1_i2",8.566854206,0.307771549,51.56337597,6.93e-13,8.6e-11,"T4_vs_CTL","up"
"50362","TRINITY_DN48911_c0_g1_i1",8.594327046,0.196341518,51.43134538,7.41e-13,9.08e-11,"T4_vs_CTL","up"
"50363","TRINITY_DN109272_c0_g1_i1",6.551517563,0.346592528,51.42661879,7.43e-13,9.08e-11,"T4_vs_CTL","up"
"50375","TRINITY_DN64593_c1_g1_i1",5.713075583,1.681628134,49.81304145,1.69e-12,1.9e-10,"T4_vs_CTL","up"
"50380","TRINITY_DN48028_c0_g1_i1",8.510364571,-0.037035531,49.05195799,2.49e-12,2.71e-10,"T4_vs_CTL","up"
"50388","TRINITY_DN41237_c0_g1_i1",8.392098616,0.10645664,48.29022795,3.68e-12,3.8e-10,"T4_vs_CTL","up"
"50392","TRINITY_DN123182_c0_g1_i1",6.206633824,1.192443673,47.6650287,5.06e-12,5.1e-10,"T4_vs_CTL","up"
"50396","TRINITY_DN45976_c0_g1_i1",5.600494169,1.04538695,47.42135171,5.73e-12,5.64e-10,"T4_vs_CTL","up"
"50401","TRINITY_DN7996_c0_g1_i1",8.219299335,0.228869508,46.65530164,8.46e-12,8.1e-10,"T4_vs_CTL","up"
"50402","TRINITY_DN57734_c0_g1_i1",8.22615523,0.15271173,46.37784845,9.75e-12,9.28e-10,"T4_vs_CTL","up"
"50403","TRINITY_DN62921_c3_g2_i1",5.627792443,1.28467506,46.35420542,9.87e-12,9.34e-10,"T4_vs_CTL","up"
"50411","TRINITY_DN35830_c0_g1_i1",5.564637178,1.331587369,45.23781374,1.75e-11,1.58e-09,"T4_vs_CTL","up"
"50415","TRINITY_DN12092_c0_g1_i1",5.203426451,1.405535593,44.58832843,2.43e-11,2.15e-09,"T4_vs_CTL","up"
"50416","TRINITY_DN60782_c0_g1_i3",6.487761195,1.258461902,44.55437375,2.47e-11,2.18e-09,"T4_vs_CTL","up"
"50419","TRINITY_DN57826_c0_g1_i2",7.786458076,0.977435706,44.26382998,2.87e-11,2.49e-09,"T4_vs_CTL","up"
"50423","TRINITY_DN123964_c0_g1_i1",5.581382718,0.708008796,43.79200252,3.65e-11,3.1e-09,"T4_vs_CTL","up"
"50427","TRINITY_DN63004_c0_g1_i1",6.964670023,-0.211280501,43.34340575,4.59e-11,3.81e-09,"T4_vs_CTL","up"
"50434","TRINITY_DN47797_c0_g1_i1",5.567474884,0.384751283,42.40806103,7.41e-11,5.96e-09,"T4_vs_CTL","up"
"50446","TRINITY_DN27687_c1_g1_i2",5.120953843,1.09990829,41.20665786,1.37e-10,1.04e-08,"T4_vs_CTL","up"
"50458","TRINITY_DN80807_c0_g1_i1",6.491476892,0.354290134,39.90434542,2.67e-10,1.92e-08,"T4_vs_CTL","up"
"50461","TRINITY_DN41704_c0_g2_i1",7.683785876,0.111139555,39.3115183,3.61e-10,2.56e-08,"T4_vs_CTL","up"
"50467","TRINITY_DN38830_c0_g1_i1",5.837129907,0.800644715,39.14662079,3.93e-10,2.73e-08,"T4_vs_CTL","up"
"50476","TRINITY_DN4500_c0_g1_i1",7.65595697,0.027457859,38.49220339,5.5e-10,3.68e-08,"T4_vs_CTL","up"
"50479","TRINITY_DN89719_c0_g1_i1",7.918432125,-0.568242434,38.33300104,5.96e-10,3.95e-08,"T4_vs_CTL","up"
"50482","TRINITY_DN30886_c1_g1_i1",5.882815767,0.397653393,38.23994376,6.26e-10,4.09e-08,"T4_vs_CTL","up"
"50488","TRINITY_DN60323_c2_g2_i1",5.959766903,0.067843913,37.82947823,7.72e-10,4.93e-08,"T4_vs_CTL","up"
"50495","TRINITY_DN49648_c0_g1_i1",5.266684281,-0.026076393,37.28348525,1.02e-09,6.36e-08,"T4_vs_CTL","up"
"50502","TRINITY_DN63703_c3_g1_i1",7.69805445,-0.470274847,36.87306059,1.26e-09,7.65e-08,"T4_vs_CTL","up"
"50504","TRINITY_DN57887_c0_g1_i1",7.643293632,-0.362712659,36.78358391,1.32e-09,7.95e-08,"T4_vs_CTL","up"
"50511","TRINITY_DN39331_c0_g1_i1",6.028543337,0.916049652,36.53082344,1.5e-09,8.83e-08,"T4_vs_CTL","up"
"50512","TRINITY_DN33102_c0_g1_i1",6.688238617,-0.710160547,36.45760734,1.56e-09,9.13e-08,"T4_vs_CTL","up"
"50516","TRINITY_DN40728_c0_g1_i1",5.166578669,0.681137437,36.29590799,1.7e-09,9.79e-08,"T4_vs_CTL","up"
"50527","TRINITY_DN83294_c0_g1_i1",7.511691509,-0.25397979,35.80484094,2.18e-09,1.21e-07,"T4_vs_CTL","up"
"50529","TRINITY_DN23519_c2_g1_i1",7.482599497,-0.139569606,35.77768145,2.21e-09,1.22e-07,"T4_vs_CTL","up"
"50532","TRINITY_DN63283_c0_g1_i12",7.467262441,-0.148175104,35.69171614,2.31e-09,1.26e-07,"T4_vs_CTL","up"
"50534","TRINITY_DN54928_c0_g1_i2",7.516306092,-0.300699939,35.64837242,2.36e-09,1.28e-07,"T4_vs_CTL","up"
"50537","TRINITY_DN58064_c2_g1_i11",5.15496933,0.49349103,35.5196154,2.52e-09,1.36e-07,"T4_vs_CTL","up"
"50545","TRINITY_DN56425_c0_g1_i2",7.760498208,-0.908031019,34.93608757,3.41e-09,1.79e-07,"T4_vs_CTL","up"
"50554","TRINITY_DN25219_c0_g1_i1",5.115955649,-0.038584623,34.10963316,5.21e-09,2.66e-07,"T4_vs_CTL","up"
"50563","TRINITY_DN51776_c0_g1_i3",7.290501424,-0.142484207,33.68765295,6.47e-09,3.21e-07,"T4_vs_CTL","up"
"50566","TRINITY_DN29679_c0_g1_i1",7.406551637,-0.474036288,33.57501299,6.86e-09,3.38e-07,"T4_vs_CTL","up"
"50574","TRINITY_DN54730_c0_g1_i1",5.659746999,-0.14195292,33.12661132,8.63e-09,4.15e-07,"T4_vs_CTL","up"
"50577","TRINITY_DN30391_c0_g1_i1",7.552546063,-0.903087161,32.93894384,9.51e-09,4.53e-07,"T4_vs_CTL","up"
"50580","TRINITY_DN93261_c0_g1_i1",5.125778139,0.538504571,32.88259236,9.79e-09,4.63e-07,"T4_vs_CTL","up"
"50584","TRINITY_DN56327_c0_g1_i1",5.425082873,-0.298652005,32.69303,1.08e-08,5.05e-07,"T4_vs_CTL","up"
"50585","TRINITY_DN27848_c0_g1_i1",7.297278422,-0.474699473,32.4582149,1.22e-08,5.68e-07,"T4_vs_CTL","up"
"50590","TRINITY_DN56513_c0_g1_i1",7.282034964,-0.508253478,32.10751928,1.46e-08,6.71e-07,"T4_vs_CTL","up"
"50593","TRINITY_DN97763_c0_g1_i1",7.327509348,-0.596562558,32.06821986,1.49e-08,6.79e-07,"T4_vs_CTL","up"
"50597","TRINITY_DN43171_c0_g1_i1",5.103388564,0.400656551,31.85290406,1.66e-08,7.5e-07,"T4_vs_CTL","up"
"50608","TRINITY_DN59001_c0_g2_i1",7.266887661,-0.60987397,31.53501759,1.96e-08,8.58e-07,"T4_vs_CTL","up"
"50622","TRINITY_DN53447_c0_g1_i1",7.158724964,-0.400557156,31.05724978,2.51e-08,1.06e-06,"T4_vs_CTL","up"
"50623","TRINITY_DN45275_c0_g1_i1",5.118285599,0.117153016,31.04886006,2.52e-08,1.06e-06,"T4_vs_CTL","up"
"50624","TRINITY_DN50315_c2_g1_i1",7.306854713,-0.830411519,30.91436521,2.7e-08,1.13e-06,"T4_vs_CTL","up"
"50629","TRINITY_DN54364_c0_g1_i1",7.167206874,-0.549845976,30.71628068,2.99e-08,1.24e-06,"T4_vs_CTL","up"
"50630","TRINITY_DN26431_c0_g1_i1",5.152223781,-0.057881514,30.69043935,3.03e-08,1.25e-06,"T4_vs_CTL","up"
"50636","TRINITY_DN59399_c0_g2_i1",7.027067357,-0.171580924,30.50668561,3.33e-08,1.36e-06,"T4_vs_CTL","up"
"50640","TRINITY_DN28931_c0_g1_i1",5.034116117,0.317048693,30.41687653,3.48e-08,1.41e-06,"T4_vs_CTL","up"
"50655","TRINITY_DN21040_c0_g1_i1",5.916571088,-0.428821396,29.79103164,4.81e-08,1.88e-06,"T4_vs_CTL","up"
"50656","TRINITY_DN64908_c0_g1_i5",7.110866789,-0.65184895,29.76703775,4.87e-08,1.9e-06,"T4_vs_CTL","up"
"50657","TRINITY_DN33308_c0_g1_i2",7.30165595,-1.127595729,29.7628503,4.88e-08,1.9e-06,"T4_vs_CTL","up"
"50658","TRINITY_DN5717_c0_g1_i1",7.100901208,-0.648898426,29.65843554,5.15e-08,2e-06,"T4_vs_CTL","up"
"50661","TRINITY_DN39597_c0_g1_i1",7.357039667,-1.556049597,29.52035335,5.53e-08,2.13e-06,"T4_vs_CTL","up"
"50663","TRINITY_DN37830_c0_g1_i1",5.755958683,0.025701282,29.46018043,5.71e-08,2.19e-06,"T4_vs_CTL","up"
"50665","TRINITY_DN42061_c0_g1_i1",5.886798183,-0.443510509,29.38037573,5.95e-08,2.27e-06,"T4_vs_CTL","up"
"50669","TRINITY_DN57353_c1_g1_i1",6.91864311,-0.30369034,29.1292018,6.77e-08,2.56e-06,"T4_vs_CTL","up"
"50678","TRINITY_DN24124_c0_g1_i1",5.19844269,-0.515965054,28.92631415,7.52e-08,2.78e-06,"T4_vs_CTL","up"
"50693","TRINITY_DN50604_c0_g1_i3",6.942087221,-0.577084394,28.39514667,9.89e-08,3.55e-06,"T4_vs_CTL","up"
"50695","TRINITY_DN45453_c0_g1_i1",5.422681266,-0.567418263,28.36894395,1e-07,3.58e-06,"T4_vs_CTL","up"
"50696","TRINITY_DN60496_c0_g1_i1",5.890366632,-0.671220671,28.35679304,1.01e-07,3.59e-06,"T4_vs_CTL","up"
"50702","TRINITY_DN57734_c2_g1_i1",5.135969392,-0.226218079,28.22668379,1.08e-07,3.8e-06,"T4_vs_CTL","up"
"50703","TRINITY_DN66019_c0_g1_i1",5.229951421,-0.139937252,28.20666092,1.09e-07,3.83e-06,"T4_vs_CTL","up"
"50704","TRINITY_DN14953_c0_g1_i1",7.053655083,-0.938941738,28.20261137,1.09e-07,3.83e-06,"T4_vs_CTL","up"
"50712","TRINITY_DN24532_c0_g1_i1",5.380303618,-0.587340313,28.04325983,1.19e-07,4.09e-06,"T4_vs_CTL","up"
"50714","TRINITY_DN58200_c0_g1_i1",6.989270313,-0.796086248,27.98703741,1.22e-07,4.19e-06,"T4_vs_CTL","up"
"50716","TRINITY_DN55211_c1_g4_i1",5.422842948,-0.688085685,27.95003226,1.24e-07,4.25e-06,"T4_vs_CTL","up"
"50722","TRINITY_DN45974_c0_g1_i1",7.00660087,-0.960156428,27.75364186,1.38e-07,4.65e-06,"T4_vs_CTL","up"
"50728","TRINITY_DN116194_c0_g1_i1",5.266579817,-0.192959832,27.58852604,1.5e-07,5e-06,"T4_vs_CTL","up"
"50744","TRINITY_DN64353_c1_g2_i6",5.626790829,-0.252431208,27.0840467,1.95e-07,6.3e-06,"T4_vs_CTL","up"
"50749","TRINITY_DN64179_c1_g1_i1",6.971258666,-1.184774509,26.86632251,2.18e-07,6.98e-06,"T4_vs_CTL","up"
"50750","TRINITY_DN33909_c0_g1_i1",6.762406745,-0.501596166,26.83366555,2.22e-07,7.08e-06,"T4_vs_CTL","up"
"50751","TRINITY_DN54020_c0_g1_i2",5.850014891,-0.982088279,26.82449852,2.23e-07,7.1e-06,"T4_vs_CTL","up"
"50752","TRINITY_DN57966_c0_g1_i1",6.875316181,-0.834281695,26.80793671,2.25e-07,7.15e-06,"T4_vs_CTL","up"
"50759","TRINITY_DN44681_c0_g1_i1",5.665258436,-0.538280964,26.64732238,2.44e-07,7.67e-06,"T4_vs_CTL","up"
"50763","TRINITY_DN96485_c0_g1_i1",6.992196626,-1.231629784,26.55647709,2.56e-07,7.96e-06,"T4_vs_CTL","up"
"50764","TRINITY_DN64861_c5_g1_i1",5.689576083,-0.500416376,26.55514514,2.56e-07,7.96e-06,"T4_vs_CTL","up"
"50773","TRINITY_DN50913_c1_g1_i2",5.218300376,-0.430297805,26.40684938,2.77e-07,8.46e-06,"T4_vs_CTL","up"
"50774","TRINITY_DN27578_c0_g2_i1",6.752581744,-0.601716159,26.35363888,2.84e-07,8.69e-06,"T4_vs_CTL","up"
"50778","TRINITY_DN47759_c1_g1_i1",6.872929207,-0.956024546,26.29298106,2.93e-07,8.9e-06,"T4_vs_CTL","up"
"50783","TRINITY_DN58975_c0_g1_i1",6.694882081,-0.518178599,26.16045662,3.14e-07,9.44e-06,"T4_vs_CTL","up"
"50785","TRINITY_DN44680_c0_g1_i1",6.940108951,-1.406639218,26.15260508,3.15e-07,9.44e-06,"T4_vs_CTL","up"
"50787","TRINITY_DN58037_c1_g1_i1",5.305107375,-0.802092326,26.14030574,3.17e-07,9.47e-06,"T4_vs_CTL","up"
"50791","TRINITY_DN70231_c0_g1_i1",6.828560735,-0.972295656,26.08448516,3.27e-07,9.68e-06,"T4_vs_CTL","up"
"50792","TRINITY_DN56693_c0_g1_i1",6.720944594,-0.619783535,26.0815336,3.27e-07,9.68e-06,"T4_vs_CTL","up"
"50800","TRINITY_DN82084_c0_g1_i1",6.533856749,-0.053661223,25.83147574,3.73e-07,1.09e-05,"T4_vs_CTL","up"
"50810","TRINITY_DN56909_c0_g1_i3",6.580071247,-0.214125975,25.6307028,4.13e-07,1.19e-05,"T4_vs_CTL","up"
"50812","TRINITY_DN36494_c0_g1_i1",6.460977596,0.324198633,25.61409382,4.17e-07,1.19e-05,"T4_vs_CTL","up"
"50817","TRINITY_DN19912_c0_g1_i1",6.887462677,-1.28240577,25.54207909,4.33e-07,1.23e-05,"T4_vs_CTL","up"
"50823","TRINITY_DN59779_c1_g1_i3",5.513409479,-0.494170207,25.3738311,4.72e-07,1.32e-05,"T4_vs_CTL","up"
"50826","TRINITY_DN54921_c0_g1_i1",5.706186504,-0.982486347,25.25318538,5.03e-07,1.4e-05,"T4_vs_CTL","up"
"50827","TRINITY_DN59053_c6_g1_i1",6.50174066,-0.163937382,25.2458196,5.05e-07,1.41e-05,"T4_vs_CTL","up"
"50836","TRINITY_DN63509_c1_g1_i7",5.001079015,-0.272087506,25.10991282,5.42e-07,1.49e-05,"T4_vs_CTL","up"
"50837","TRINITY_DN49398_c0_g1_i1",6.780727311,-1.193400679,25.10182847,5.44e-07,1.49e-05,"T4_vs_CTL","up"
"50845","TRINITY_DN38030_c0_g2_i1",6.708601942,-0.962708724,24.9831436,5.78e-07,1.56e-05,"T4_vs_CTL","up"
"50847","TRINITY_DN99606_c0_g1_i1",6.414034339,0.252569785,24.97698479,5.8e-07,1.56e-05,"T4_vs_CTL","up"
"50851","TRINITY_DN38491_c0_g1_i1",5.020038183,-0.348589065,24.88580126,6.08e-07,1.63e-05,"T4_vs_CTL","up"
"50864","TRINITY_DN42922_c0_g1_i1",6.793899408,-1.522071481,24.80062271,6.36e-07,1.67e-05,"T4_vs_CTL","up"
"50869","TRINITY_DN53022_c0_g1_i1",6.703027606,-1.062574284,24.72876677,6.6e-07,1.72e-05,"T4_vs_CTL","up"
"50884","TRINITY_DN98103_c0_g1_i1",6.565468141,-0.624088506,24.45776362,7.6e-07,1.93e-05,"T4_vs_CTL","up"
"50887","TRINITY_DN139116_c0_g1_i1",6.768400478,-1.328040992,24.36120844,7.99e-07,2.02e-05,"T4_vs_CTL","up"
"50903","TRINITY_DN50920_c0_g1_i1",6.698685023,-1.245433132,24.13866694,8.96e-07,2.22e-05,"T4_vs_CTL","up"
"50912","TRINITY_DN61288_c1_g2_i1",6.401903329,-0.279552368,24.00528621,9.61e-07,2.34e-05,"T4_vs_CTL","up"
"50924","TRINITY_DN33566_c0_g1_i1",6.678031253,-1.323124675,23.87286408,1.03e-06,2.47e-05,"T4_vs_CTL","up"
"50936","TRINITY_DN30902_c0_g1_i1",5.652138415,-1.272710703,23.66581882,1.15e-06,2.7e-05,"T4_vs_CTL","up"
"50943","TRINITY_DN50666_c0_g1_i3",6.654094353,-1.412924885,23.55561787,1.21e-06,2.83e-05,"T4_vs_CTL","up"
"50948","TRINITY_DN111848_c0_g1_i1",6.545277285,-0.99368453,23.45770792,1.28e-06,2.96e-05,"T4_vs_CTL","up"
"50950","TRINITY_DN26029_c0_g1_i1",5.504923663,-0.938986034,23.45331875,1.28e-06,2.96e-05,"T4_vs_CTL","up"
"50954","TRINITY_DN56776_c0_g1_i1",6.529481488,-0.967505071,23.43602373,1.29e-06,2.97e-05,"T4_vs_CTL","up"
"50964","TRINITY_DN34166_c0_g1_i2",5.411277723,-0.763585609,23.27910918,1.4e-06,3.18e-05,"T4_vs_CTL","up"
"50966","TRINITY_DN12269_c0_g1_i1",5.368889786,-0.60485071,23.25918651,1.42e-06,3.2e-05,"T4_vs_CTL","up"
"50970","TRINITY_DN47122_c1_g1_i1",6.508363759,-0.977711653,23.21226772,1.45e-06,3.26e-05,"T4_vs_CTL","up"
"50977","TRINITY_DN43391_c0_g1_i1",6.383374829,-0.552746465,23.08686075,1.55e-06,3.45e-05,"T4_vs_CTL","up"
"50986","TRINITY_DN123952_c0_g1_i1",6.489464567,-1.037233401,22.95825971,1.66e-06,3.65e-05,"T4_vs_CTL","up"
"50989","TRINITY_DN53957_c0_g1_i1",6.512037333,-1.041370939,22.89605104,1.71e-06,3.75e-05,"T4_vs_CTL","up"
"50993","TRINITY_DN60055_c2_g1_i2",6.527154362,-1.222983181,22.8385051,1.76e-06,3.85e-05,"T4_vs_CTL","up"
"50999","TRINITY_DN48658_c0_g1_i1",6.514746068,-1.151182264,22.70846342,1.89e-06,4.08e-05,"T4_vs_CTL","up"
"51000","TRINITY_DN3471_c0_g1_i1",6.535432563,-1.442034394,22.70843604,1.89e-06,4.08e-05,"T4_vs_CTL","up"
"51003","TRINITY_DN35783_c0_g1_i1",5.367015052,-0.69729782,22.63514967,1.96e-06,4.22e-05,"T4_vs_CTL","up"
"51004","TRINITY_DN55879_c0_g1_i1",6.439665415,-0.980514714,22.63251458,1.96e-06,4.22e-05,"T4_vs_CTL","up"
"51008","TRINITY_DN138588_c0_g1_i1",6.462068935,-0.961384406,22.5792331,2.02e-06,4.32e-05,"T4_vs_CTL","up"
"51030","TRINITY_DN47345_c0_g1_i2",6.385473893,-0.787887257,22.14081204,2.53e-06,5.28e-05,"T4_vs_CTL","up"
"51032","TRINITY_DN39405_c0_g1_i1",6.258869122,-0.155117264,22.11504476,2.57e-06,5.33e-05,"T4_vs_CTL","up"
"51049","TRINITY_DN57935_c0_g1_i1",5.234758568,-0.661550952,21.91741237,2.85e-06,5.79e-05,"T4_vs_CTL","up"
"51064","TRINITY_DN42370_c0_g1_i1",5.333506102,-1.107042563,21.73111239,3.14e-06,6.27e-05,"T4_vs_CTL","up"
"51071","TRINITY_DN60057_c0_g1_i1",6.336680755,-1.017153844,21.69917178,3.19e-06,6.32e-05,"T4_vs_CTL","up"
"51075","TRINITY_DN52527_c0_g1_i1",6.408533613,-1.326304869,21.68526374,3.21e-06,6.33e-05,"T4_vs_CTL","up"
"51076","TRINITY_DN63283_c0_g1_i3",6.416741874,-1.478499627,21.67787014,3.22e-06,6.35e-05,"T4_vs_CTL","up"
"51090","TRINITY_DN21472_c0_g1_i1",6.357763643,-1.198066384,21.41979874,3.69e-06,7.15e-05,"T4_vs_CTL","up"
"51093","TRINITY_DN37687_c0_g1_i1",6.385084858,-1.426830484,21.37908435,3.77e-06,7.28e-05,"T4_vs_CTL","up"
"51101","TRINITY_DN59269_c1_g4_i1",6.378361957,-1.399954487,21.29740304,3.93e-06,7.52e-05,"T4_vs_CTL","up"
"51107","TRINITY_DN79631_c0_g1_i1",6.337392179,-1.384426929,21.14266873,4.26e-06,8.1e-05,"T4_vs_CTL","up"
"51117","TRINITY_DN45525_c0_g1_i1",5.151077592,-0.689648955,21.0249249,4.53e-06,8.52e-05,"T4_vs_CTL","up"
"51124","TRINITY_DN33068_c0_g1_i1",6.316368216,-1.3521989,20.96298245,4.68e-06,8.73e-05,"T4_vs_CTL","up"
"51130","TRINITY_DN26622_c0_g1_i1",6.290269891,-1.174856733,20.91779843,4.79e-06,8.88e-05,"T4_vs_CTL","up"
"51133","TRINITY_DN38496_c0_g1_i1",6.302514084,-1.337140703,20.87474066,4.9e-06,9.05e-05,"T4_vs_CTL","up"
"51135","TRINITY_DN55822_c0_g1_i1",5.252174683,-1.186314151,20.83769016,5e-06,9.21e-05,"T4_vs_CTL","up"
"51138","TRINITY_DN80105_c0_g1_i1",6.27745413,-1.222332576,20.81735388,5.05e-06,9.27e-05,"T4_vs_CTL","up"
"51140","TRINITY_DN56440_c0_g1_i1",5.222561922,-0.921036196,20.81164313,5.07e-06,9.28e-05,"T4_vs_CTL","up"
"51148","TRINITY_DN43316_c0_g1_i1",6.280354197,-1.378447439,20.62970753,5.57e-06,0.000101187,"T4_vs_CTL","up"
"51158","TRINITY_DN137405_c0_g1_i1",5.121230101,-0.780901807,20.49302367,5.98e-06,0.00010751,"T4_vs_CTL","up"
"51159","TRINITY_DN79914_c0_g1_i1",6.243459962,-1.242684596,20.48036241,6.02e-06,0.000108094,"T4_vs_CTL","up"
"51170","TRINITY_DN124614_c0_g1_i1",6.242946737,-1.199739019,20.39632469,6.3e-06,0.000111492,"T4_vs_CTL","up"
"51174","TRINITY_DN21917_c0_g1_i1",6.258643681,-1.512085218,20.38568776,6.33e-06,0.000111793,"T4_vs_CTL","up"
"51179","TRINITY_DN7345_c0_g1_i1",6.214962257,-1.201467823,20.35827754,6.42e-06,0.00011281,"T4_vs_CTL","up"
"51190","TRINITY_DN13743_c0_g1_i1",5.084040765,-0.696900628,20.2187155,6.91e-06,0.000119962,"T4_vs_CTL","up"
"51202","TRINITY_DN42048_c0_g1_i1",6.229697607,-1.571915981,20.14769401,7.17e-06,0.000122969,"T4_vs_CTL","up"
"51210","TRINITY_DN35191_c0_g1_i1",5.20059143,-1.377155291,19.99492487,7.76e-06,0.000132112,"T4_vs_CTL","up"
"51214","TRINITY_DN52061_c0_g1_i1",6.20818093,-1.469058586,19.9441632,7.97e-06,0.000135117,"T4_vs_CTL","up"
"51215","TRINITY_DN50477_c1_g2_i1",6.1740371,-1.302275005,19.92406473,8.06e-06,0.000136407,"T4_vs_CTL","up"
"51235","TRINITY_DN138413_c0_g1_i1",6.135015042,-0.959231086,19.72881214,8.92e-06,0.000148082,"T4_vs_CTL","up"
"51254","TRINITY_DN29709_c0_g1_i1",6.077772622,-1.046614939,19.49703876,1.01e-05,0.000164091,"T4_vs_CTL","up"
"51256","TRINITY_DN36645_c0_g1_i1",6.107606296,-1.249579139,19.4868845,1.01e-05,0.000164645,"T4_vs_CTL","up"
"51257","TRINITY_DN3238_c1_g1_i1",6.103068098,-1.11874147,19.4820181,1.02e-05,0.000164905,"T4_vs_CTL","up"
"51258","TRINITY_DN64327_c3_g2_i1",6.066949141,-1.02272198,19.46357187,1.03e-05,0.000166344,"T4_vs_CTL","up"
"51303","TRINITY_DN25018_c0_g1_i1",5.106690785,-1.614545691,18.8554541,1.41e-05,0.000219196,"T4_vs_CTL","up"
"51305","TRINITY_DN47759_c1_g1_i2",6.018110169,-0.925853233,18.81507966,1.44e-05,0.000223471,"T4_vs_CTL","up"
"51310","TRINITY_DN18751_c0_g1_i1",6.038578516,-1.278721394,18.75026875,1.49e-05,0.000230129,"T4_vs_CTL","up"
"51340","TRINITY_DN65998_c0_g1_i1",6.0686456,-1.384981338,18.55559111,1.65e-05,0.000248005,"T4_vs_CTL","up"
"51348","TRINITY_DN28257_c0_g1_i1",5.040323418,-1.267365933,18.50958923,1.69e-05,0.000252248,"T4_vs_CTL","up"
"51352","TRINITY_DN46061_c0_g1_i1",5.968193529,-1.2462263,18.42546557,1.77e-05,0.000262699,"T4_vs_CTL","up"
"51387","TRINITY_DN49617_c0_g1_i1",5.977007752,-1.468489159,18.11808629,2.08e-05,0.000299265,"T4_vs_CTL","up"
"51394","TRINITY_DN60499_c4_g1_i2",5.956252839,-1.435097568,18.08820608,2.11e-05,0.000302307,"T4_vs_CTL","up"
"51414","TRINITY_DN55461_c2_g1_i1",5.926990638,-1.552123555,17.83777412,2.41e-05,0.000339011,"T4_vs_CTL","up"
"51456","TRINITY_DN113352_c0_g1_i1",5.759753437,-0.768703911,17.40000877,3.03e-05,0.000412186,"T4_vs_CTL","up"
"51473","TRINITY_DN47605_c0_g2_i1",5.834671858,-1.519322143,17.20845228,3.35e-05,0.000449344,"T4_vs_CTL","up"
"51518","TRINITY_DN28444_c0_g1_i1",5.79959921,-1.469610888,16.71159251,4.35e-05,0.000563867,"T4_vs_CTL","up"
"51539","TRINITY_DN38687_c0_g1_i1",5.777284764,-1.299046726,16.5588089,4.72e-05,0.000601391,"T4_vs_CTL","up"
"51617","TRINITY_DN108055_c0_g1_i1",5.596338223,-1.023011073,15.90697318,6.65e-05,0.000800307,"T4_vs_CTL","up"
"51638","TRINITY_DN26902_c0_g1_i1",5.649894235,-1.178650377,15.79273539,7.07e-05,0.00083797,"T4_vs_CTL","up"
"51639","TRINITY_DN800_c0_g1_i1",5.659392923,-1.460497798,15.77945913,7.12e-05,0.000843243,"T4_vs_CTL","up"
"51644","TRINITY_DN65087_c6_g1_i1",5.582630502,-0.683363068,15.75943899,7.19e-05,0.000848305,"T4_vs_CTL","up"
"51650","TRINITY_DN38635_c0_g1_i1",5.618897542,-1.321524639,15.74510049,7.25e-05,0.000851662,"T4_vs_CTL","up"
"51652","TRINITY_DN34506_c0_g1_i1",5.659518724,-1.544483436,15.74053162,7.27e-05,0.000852957,"T4_vs_CTL","up"
"51683","TRINITY_DN112413_c0_g1_i1",5.58157891,-1.223609159,15.50065301,8.25e-05,0.000947719,"T4_vs_CTL","up"
"51686","TRINITY_DN45329_c0_g1_i1",5.602479015,-1.716748346,15.45779315,8.44e-05,0.000967462,"T4_vs_CTL","up"
"51781","TRINITY_DN57948_c0_g1_i2",5.497452476,-0.933474001,14.81766015,0.000118421,0.00127499,"T4_vs_CTL","up"
"51794","TRINITY_DN138087_c0_g1_i1",5.434306012,-0.832940612,14.71340352,0.000125153,0.0013363,"T4_vs_CTL","up"
"52011","TRINITY_DN17581_c0_g1_i1",5.282068412,-1.523343288,13.44513647,0.000245642,0.002303145,"T4_vs_CTL","up"
"52060","TRINITY_DN35881_c0_g1_i1",5.207591235,-1.120356789,13.13454895,0.0002899,0.002646405,"T4_vs_CTL","up"
"52148","TRINITY_DN16845_c0_g1_i1",5.150129959,-1.27994269,12.73530317,0.000358818,0.003125559,"T4_vs_CTL","up"
"52290","TRINITY_DN42921_c0_g1_i2",5.055148119,-1.438472935,12.05160686,0.000517478,0.004197485,"T4_vs_CTL","up"
"52310","TRINITY_DN45125_c0_g1_i1",5.000852622,-0.507175068,11.94168651,0.000548918,0.004409779,"T4_vs_CTL","up"
"52326","TRINITY_DN21844_c0_g1_i1",5.016149431,-1.445033966,11.86104676,0.000573203,0.004569794,"T4_vs_CTL","up"
